id,firstname,lastname,email,email2,profession
100,Adore,Schonfeld,Adore.Schonfeld@yopmail.com,Adore.Schonfeld@gmail.com,police officer
101,Dorthy,Gordon,Dorthy.Gordon@yopmail.com,Dorthy.Gordon@gmail.com,worker
102,Adele,Lattie,Adele.Lattie@yopmail.com,Adele.Lattie@gmail.com,worker
103,Lorenza,Vernier,Lorenza.Vernier@yopmail.com,Lorenza.Vernier@gmail.com,police officer
104,Trixi,Wallis,Trixi.Wallis@yopmail.com,Trixi.Wallis@gmail.com,doctor
105,Fidelia,Bertold,Fidelia.Bertold@yopmail.com,Fidelia.Bertold@gmail.com,firefighter
106,Maisey,Sherrie,Maisey.Sherrie@yopmail.com,Maisey.Sherrie@gmail.com,worker
107,Hettie,Fry,Hettie.Fry@yopmail.com,Hettie.Fry@gmail.com,firefighter
108,Lila,Poll,Lila.Poll@yopmail.com,Lila.Poll@gmail.com,developer
109,Adele,Germann,Adele.Germann@yopmail.com,Adele.Germann@gmail.com,developer
110,Delilah,Dex,Delilah.Dex@yopmail.com,Delilah.Dex@gmail.com,firefighter
111,Loree,Rocray,Loree.Rocray@yopmail.com,Loree.Rocray@gmail.com,developer
112,Melanie,Linskey,Melanie.Linskey@yopmail.com,Melanie.Linskey@gmail.com,worker
113,Chloris,Charity,Chloris.Charity@yopmail.com,Chloris.Charity@gmail.com,police officer
114,Fina,Cherianne,Fina.Cherianne@yopmail.com,Fina.Cherianne@gmail.com,doctor
115,Janey,Urania,Janey.Urania@yopmail.com,Janey.Urania@gmail.com,doctor
116,Sidoney,Byrne,Sidoney.Byrne@yopmail.com,Sidoney.Byrne@gmail.com,developer
117,Cyb,Pernick,Cyb.Pernick@yopmail.com,Cyb.Pernick@gmail.com,firefighter
118,Kathi,Milde,Kathi.Milde@yopmail.com,Kathi.Milde@gmail.com,police officer
119,Gavrielle,Orelee,Gavrielle.Orelee@yopmail.com,Gavrielle.Orelee@gmail.com,firefighter
120,Julieta,Lenny,Julieta.Lenny@yopmail.com,Julieta.Lenny@gmail.com,police officer
121,Karly,Grayce,Karly.Grayce@yopmail.com,Karly.Grayce@gmail.com,developer
122,Doro,Tayib,Doro.Tayib@yopmail.com,Doro.Tayib@gmail.com,doctor
123,Chere,Hoban,Chere.Hoban@yopmail.com,Chere.Hoban@gmail.com,police officer
124,Marcelline,Brackely,Marcelline.Brackely@yopmail.com,Marcelline.Brackely@gmail.com,doctor
125,Lorie,Tice,Lorie.Tice@yopmail.com,Lorie.Tice@gmail.com,firefighter
126,Sharlene,Lacombe,Sharlene.Lacombe@yopmail.com,Sharlene.Lacombe@gmail.com,firefighter
127,Raf,Urias,Raf.Urias@yopmail.com,Raf.Urias@gmail.com,firefighter
128,Lynea,Trey,Lynea.Trey@yopmail.com,Lynea.Trey@gmail.com,firefighter
129,Rhea,Latini,Rhea.Latini@yopmail.com,Rhea.Latini@gmail.com,firefighter
130,Vanessa,Maisey,Vanessa.Maisey@yopmail.com,Vanessa.Maisey@gmail.com,firefighter
131,Debee,Ephrem,Debee.Ephrem@yopmail.com,Debee.Ephrem@gmail.com,police officer
132,Claudina,Wu,Claudina.Wu@yopmail.com,Claudina.Wu@gmail.com,police officer
133,Atlanta,Casimir,Atlanta.Casimir@yopmail.com,Atlanta.Casimir@gmail.com,doctor
134,Kary,Capello,Kary.Capello@yopmail.com,Kary.Capello@gmail.com,doctor
135,Albertina,Persse,Albertina.Persse@yopmail.com,Albertina.Persse@gmail.com,firefighter
136,Fernande,Edmund,Fernande.Edmund@yopmail.com,Fernande.Edmund@gmail.com,worker
137,Stevana,Bebe,Stevana.Bebe@yopmail.com,Stevana.Bebe@gmail.com,doctor
138,Joleen,Ade,Joleen.Ade@yopmail.com,Joleen.Ade@gmail.com,police officer
139,Vivia,Eugenia,Vivia.Eugenia@yopmail.com,Vivia.Eugenia@gmail.com,doctor
140,Jeanna,Billye,Jeanna.Billye@yopmail.com,Jeanna.Billye@gmail.com,developer
141,Maye,Ellord,Maye.Ellord@yopmail.com,Maye.Ellord@gmail.com,developer
142,Karly,Halla,Karly.Halla@yopmail.com,Karly.Halla@gmail.com,firefighter
143,Coral,Rese,Coral.Rese@yopmail.com,Coral.Rese@gmail.com,doctor
144,Lisette,Giff,Lisette.Giff@yopmail.com,Lisette.Giff@gmail.com,worker
145,Rhea,Vastah,Rhea.Vastah@yopmail.com,Rhea.Vastah@gmail.com,worker
146,Aurelie,Liva,Aurelie.Liva@yopmail.com,Aurelie.Liva@gmail.com,doctor
147,Chere,Bronk,Chere.Bronk@yopmail.com,Chere.Bronk@gmail.com,worker
148,Eve,Cassius,Eve.Cassius@yopmail.com,Eve.Cassius@gmail.com,police officer
149,Kaja,Pascia,Kaja.Pascia@yopmail.com,Kaja.Pascia@gmail.com,developer
150,Susette,Jalbert,Susette.Jalbert@yopmail.com,Susette.Jalbert@gmail.com,firefighter
151,Halette,Kazimir,Halette.Kazimir@yopmail.com,Halette.Kazimir@gmail.com,police officer
152,Jenilee,Emerson,Jenilee.Emerson@yopmail.com,Jenilee.Emerson@gmail.com,police officer
153,Harrietta,Eachern,Harrietta.Eachern@yopmail.com,Harrietta.Eachern@gmail.com,firefighter
154,Cherrita,Thornburg,Cherrita.Thornburg@yopmail.com,Cherrita.Thornburg@gmail.com,worker
155,Dorene,Dorcy,Dorene.Dorcy@yopmail.com,Dorene.Dorcy@gmail.com,police officer
156,Ileana,Rebecka,Ileana.Rebecka@yopmail.com,Ileana.Rebecka@gmail.com,doctor
157,Modestia,Casimir,Modestia.Casimir@yopmail.com,Modestia.Casimir@gmail.com,worker
158,Doralynne,Chinua,Doralynne.Chinua@yopmail.com,Doralynne.Chinua@gmail.com,worker
159,Bibby,Toffic,Bibby.Toffic@yopmail.com,Bibby.Toffic@gmail.com,worker
160,Cassandra,Deny,Cassandra.Deny@yopmail.com,Cassandra.Deny@gmail.com,firefighter
161,Dari,Arvo,Dari.Arvo@yopmail.com,Dari.Arvo@gmail.com,police officer
162,Robinia,Vastah,Robinia.Vastah@yopmail.com,Robinia.Vastah@gmail.com,police officer
163,Lenna,Astra,Lenna.Astra@yopmail.com,Lenna.Astra@gmail.com,doctor
164,Melanie,Lilas,Melanie.Lilas@yopmail.com,Melanie.Lilas@gmail.com,worker
165,Bibby,Edee,Bibby.Edee@yopmail.com,Bibby.Edee@gmail.com,firefighter
166,Janey,Garlinda,Janey.Garlinda@yopmail.com,Janey.Garlinda@gmail.com,worker
167,Ninnetta,Dosia,Ninnetta.Dosia@yopmail.com,Ninnetta.Dosia@gmail.com,worker
168,Joy,Plato,Joy.Plato@yopmail.com,Joy.Plato@gmail.com,developer
169,Alejandra,Nester,Alejandra.Nester@yopmail.com,Alejandra.Nester@gmail.com,doctor
170,Ricky,Adamsen,Ricky.Adamsen@yopmail.com,Ricky.Adamsen@gmail.com,police officer
171,Hallie,Elephus,Hallie.Elephus@yopmail.com,Hallie.Elephus@gmail.com,doctor
172,Lila,Arne,Lila.Arne@yopmail.com,Lila.Arne@gmail.com,worker
173,Tierney,Mata,Tierney.Mata@yopmail.com,Tierney.Mata@gmail.com,police officer
174,Vevay,Kiersten,Vevay.Kiersten@yopmail.com,Vevay.Kiersten@gmail.com,worker
175,Cherilyn,Si,Cherilyn.Si@yopmail.com,Cherilyn.Si@gmail.com,doctor
176,Lacie,Schenck,Lacie.Schenck@yopmail.com,Lacie.Schenck@gmail.com,worker
177,Janeczka,Wareing,Janeczka.Wareing@yopmail.com,Janeczka.Wareing@gmail.com,firefighter
178,Ekaterina,Westphal,Ekaterina.Westphal@yopmail.com,Ekaterina.Westphal@gmail.com,worker
179,Jaime,Carbo,Jaime.Carbo@yopmail.com,Jaime.Carbo@gmail.com,firefighter
180,Kate,Melan,Kate.Melan@yopmail.com,Kate.Melan@gmail.com,police officer
181,Netty,Giff,Netty.Giff@yopmail.com,Netty.Giff@gmail.com,police officer
182,Rochette,Ardeha,Rochette.Ardeha@yopmail.com,Rochette.Ardeha@gmail.com,police officer
183,Marsiella,Eldrid,Marsiella.Eldrid@yopmail.com,Marsiella.Eldrid@gmail.com,developer
184,Alisha,Nore,Alisha.Nore@yopmail.com,Alisha.Nore@gmail.com,worker
185,Ericka,Zrike,Ericka.Zrike@yopmail.com,Ericka.Zrike@gmail.com,worker
186,Marcy,Agle,Marcy.Agle@yopmail.com,Marcy.Agle@gmail.com,firefighter
187,Arabel,Campball,Arabel.Campball@yopmail.com,Arabel.Campball@gmail.com,developer
188,Shauna,Weaks,Shauna.Weaks@yopmail.com,Shauna.Weaks@gmail.com,developer
189,Perry,Suzetta,Perry.Suzetta@yopmail.com,Perry.Suzetta@gmail.com,worker
190,Kate,Kesley,Kate.Kesley@yopmail.com,Kate.Kesley@gmail.com,worker
191,Elyssa,Ralfston,Elyssa.Ralfston@yopmail.com,Elyssa.Ralfston@gmail.com,worker
192,Codie,Israeli,Codie.Israeli@yopmail.com,Codie.Israeli@gmail.com,police officer
193,Hildegaard,Cynar,Hildegaard.Cynar@yopmail.com,Hildegaard.Cynar@gmail.com,developer
194,Grier,Bergman,Grier.Bergman@yopmail.com,Grier.Bergman@gmail.com,worker
195,Myriam,Uund,Myriam.Uund@yopmail.com,Myriam.Uund@gmail.com,firefighter
196,Amelia,Tyson,Amelia.Tyson@yopmail.com,Amelia.Tyson@gmail.com,developer
197,Kore,Koehler,Kore.Koehler@yopmail.com,Kore.Koehler@gmail.com,worker
198,Amalie,Drus,Amalie.Drus@yopmail.com,Amalie.Drus@gmail.com,developer
199,Misha,Mauer,Misha.Mauer@yopmail.com,Misha.Mauer@gmail.com,worker
200,Carmela,Philipp,Carmela.Philipp@yopmail.com,Carmela.Philipp@gmail.com,worker
201,Mamie,Felizio,Mamie.Felizio@yopmail.com,Mamie.Felizio@gmail.com,doctor
202,Nonnah,McAdams,Nonnah.McAdams@yopmail.com,Nonnah.McAdams@gmail.com,worker
203,Karolina,Jenness,Karolina.Jenness@yopmail.com,Karolina.Jenness@gmail.com,developer
204,Lilith,Melleta,Lilith.Melleta@yopmail.com,Lilith.Melleta@gmail.com,firefighter
205,Andree,Seumas,Andree.Seumas@yopmail.com,Andree.Seumas@gmail.com,doctor
206,Raina,Bethany,Raina.Bethany@yopmail.com,Raina.Bethany@gmail.com,doctor
207,Ana,Sisile,Ana.Sisile@yopmail.com,Ana.Sisile@gmail.com,developer
208,Netty,Evvie,Netty.Evvie@yopmail.com,Netty.Evvie@gmail.com,developer
209,Basia,Florina,Basia.Florina@yopmail.com,Basia.Florina@gmail.com,developer
210,Camile,Regan,Camile.Regan@yopmail.com,Camile.Regan@gmail.com,doctor
211,Marti,Amadas,Marti.Amadas@yopmail.com,Marti.Amadas@gmail.com,firefighter
212,Kylynn,Rolf,Kylynn.Rolf@yopmail.com,Kylynn.Rolf@gmail.com,developer
213,Clarice,Gaal,Clarice.Gaal@yopmail.com,Clarice.Gaal@gmail.com,police officer
214,Ginnie,Goerke,Ginnie.Goerke@yopmail.com,Ginnie.Goerke@gmail.com,firefighter
215,Ileana,Meli,Ileana.Meli@yopmail.com,Ileana.Meli@gmail.com,firefighter
216,Dotty,Hollingsworth,Dotty.Hollingsworth@yopmail.com,Dotty.Hollingsworth@gmail.com,police officer
217,Benita,Hilbert,Benita.Hilbert@yopmail.com,Benita.Hilbert@gmail.com,police officer
218,Sheelagh,Ursulette,Sheelagh.Ursulette@yopmail.com,Sheelagh.Ursulette@gmail.com,developer
219,Sonni,Bethany,Sonni.Bethany@yopmail.com,Sonni.Bethany@gmail.com,firefighter
220,Nollie,Cottle,Nollie.Cottle@yopmail.com,Nollie.Cottle@gmail.com,developer
221,Daphne,Regan,Daphne.Regan@yopmail.com,Daphne.Regan@gmail.com,firefighter
222,Tomasina,Keelia,Tomasina.Keelia@yopmail.com,Tomasina.Keelia@gmail.com,developer
223,Roz,Croix,Roz.Croix@yopmail.com,Roz.Croix@gmail.com,police officer
224,Tatiania,Myrilla,Tatiania.Myrilla@yopmail.com,Tatiania.Myrilla@gmail.com,firefighter
225,Kerrin,Braun,Kerrin.Braun@yopmail.com,Kerrin.Braun@gmail.com,doctor
226,Ofilia,Bivins,Ofilia.Bivins@yopmail.com,Ofilia.Bivins@gmail.com,firefighter
227,Lonnie,Karylin,Lonnie.Karylin@yopmail.com,Lonnie.Karylin@gmail.com,developer
228,Orelia,Alrich,Orelia.Alrich@yopmail.com,Orelia.Alrich@gmail.com,firefighter
229,Harrietta,Millda,Harrietta.Millda@yopmail.com,Harrietta.Millda@gmail.com,developer
230,Robinia,Charity,Robinia.Charity@yopmail.com,Robinia.Charity@gmail.com,firefighter
231,Sashenka,Colleen,Sashenka.Colleen@yopmail.com,Sashenka.Colleen@gmail.com,worker
232,Jessamyn,Cimbura,Jessamyn.Cimbura@yopmail.com,Jessamyn.Cimbura@gmail.com,developer
233,Ermengarde,Saint,Ermengarde.Saint@yopmail.com,Ermengarde.Saint@gmail.com,doctor
234,Ira,Eben,Ira.Eben@yopmail.com,Ira.Eben@gmail.com,police officer
235,Lucille,Katrine,Lucille.Katrine@yopmail.com,Lucille.Katrine@gmail.com,firefighter
236,Adore,Love,Adore.Love@yopmail.com,Adore.Love@gmail.com,police officer
237,Jere,Earlie,Jere.Earlie@yopmail.com,Jere.Earlie@gmail.com,developer
238,Alyssa,Trinetta,Alyssa.Trinetta@yopmail.com,Alyssa.Trinetta@gmail.com,firefighter
239,Tera,Emanuel,Tera.Emanuel@yopmail.com,Tera.Emanuel@gmail.com,police officer
240,Imojean,Lubin,Imojean.Lubin@yopmail.com,Imojean.Lubin@gmail.com,developer
241,Millie,Caitlin,Millie.Caitlin@yopmail.com,Millie.Caitlin@gmail.com,worker
242,Valli,Telfer,Valli.Telfer@yopmail.com,Valli.Telfer@gmail.com,doctor
243,Ricky,Dudley,Ricky.Dudley@yopmail.com,Ricky.Dudley@gmail.com,developer
244,Lelah,Monk,Lelah.Monk@yopmail.com,Lelah.Monk@gmail.com,police officer
245,Pierette,Alrich,Pierette.Alrich@yopmail.com,Pierette.Alrich@gmail.com,doctor
246,Gabi,Colp,Gabi.Colp@yopmail.com,Gabi.Colp@gmail.com,doctor
247,Nita,Brieta,Nita.Brieta@yopmail.com,Nita.Brieta@gmail.com,doctor
248,Edee,Raffo,Edee.Raffo@yopmail.com,Edee.Raffo@gmail.com,doctor
249,Candy,Caitlin,Candy.Caitlin@yopmail.com,Candy.Caitlin@gmail.com,police officer
250,Shandie,Maxi,Shandie.Maxi@yopmail.com,Shandie.Maxi@gmail.com,police officer
251,Gwyneth,Anastatius,Gwyneth.Anastatius@yopmail.com,Gwyneth.Anastatius@gmail.com,developer
252,Elfreda,Bach,Elfreda.Bach@yopmail.com,Elfreda.Bach@gmail.com,police officer
253,Konstance,Cynar,Konstance.Cynar@yopmail.com,Konstance.Cynar@gmail.com,worker
254,Kylynn,Margarete,Kylynn.Margarete@yopmail.com,Kylynn.Margarete@gmail.com,doctor
255,Dyann,Weaks,Dyann.Weaks@yopmail.com,Dyann.Weaks@gmail.com,firefighter
256,Sarette,Erminia,Sarette.Erminia@yopmail.com,Sarette.Erminia@gmail.com,worker
257,Laure,Azeria,Laure.Azeria@yopmail.com,Laure.Azeria@gmail.com,police officer
258,Damaris,Giff,Damaris.Giff@yopmail.com,Damaris.Giff@gmail.com,developer
259,Glenda,Durware,Glenda.Durware@yopmail.com,Glenda.Durware@gmail.com,doctor
260,Collen,Prober,Collen.Prober@yopmail.com,Collen.Prober@gmail.com,doctor
261,Kylynn,Joachim,Kylynn.Joachim@yopmail.com,Kylynn.Joachim@gmail.com,developer
262,Emmey,Lutero,Emmey.Lutero@yopmail.com,Emmey.Lutero@gmail.com,worker
263,Julieta,Natalia,Julieta.Natalia@yopmail.com,Julieta.Natalia@gmail.com,firefighter
264,Willetta,Prouty,Willetta.Prouty@yopmail.com,Willetta.Prouty@gmail.com,developer
265,Renie,Erb,Renie.Erb@yopmail.com,Renie.Erb@gmail.com,firefighter
266,Asia,Cimbura,Asia.Cimbura@yopmail.com,Asia.Cimbura@gmail.com,doctor
267,Annaliese,Wilona,Annaliese.Wilona@yopmail.com,Annaliese.Wilona@gmail.com,developer
268,Melina,Orpah,Melina.Orpah@yopmail.com,Melina.Orpah@gmail.com,developer
269,Margarette,Phaidra,Margarette.Phaidra@yopmail.com,Margarette.Phaidra@gmail.com,firefighter
270,Vita,Bearnard,Vita.Bearnard@yopmail.com,Vita.Bearnard@gmail.com,worker
271,Frances,Chandler,Frances.Chandler@yopmail.com,Frances.Chandler@gmail.com,doctor
272,Randa,Carolin,Randa.Carolin@yopmail.com,Randa.Carolin@gmail.com,developer
273,Sadie,Valerio,Sadie.Valerio@yopmail.com,Sadie.Valerio@gmail.com,doctor
274,Laure,Pitt,Laure.Pitt@yopmail.com,Laure.Pitt@gmail.com,firefighter
275,Carol-Jean,Nelsen,Carol-Jean.Nelsen@yopmail.com,Carol-Jean.Nelsen@gmail.com,worker
276,Ilse,Huggins,Ilse.Huggins@yopmail.com,Ilse.Huggins@gmail.com,developer
277,Cyb,Lamoree,Cyb.Lamoree@yopmail.com,Cyb.Lamoree@gmail.com,doctor
278,Adelle,Forrer,Adelle.Forrer@yopmail.com,Adelle.Forrer@gmail.com,firefighter
279,Jenilee,Neils,Jenilee.Neils@yopmail.com,Jenilee.Neils@gmail.com,firefighter
280,Wilma,Kaja,Wilma.Kaja@yopmail.com,Wilma.Kaja@gmail.com,police officer
281,Tiffie,Aurelio,Tiffie.Aurelio@yopmail.com,Tiffie.Aurelio@gmail.com,doctor
282,Addia,Urias,Addia.Urias@yopmail.com,Addia.Urias@gmail.com,doctor
283,Sabina,Naashom,Sabina.Naashom@yopmail.com,Sabina.Naashom@gmail.com,developer
284,Lolita,Olin,Lolita.Olin@yopmail.com,Lolita.Olin@gmail.com,worker
285,Ofilia,Nunci,Ofilia.Nunci@yopmail.com,Ofilia.Nunci@gmail.com,police officer
286,Janenna,Garek,Janenna.Garek@yopmail.com,Janenna.Garek@gmail.com,police officer
287,Anica,Leary,Anica.Leary@yopmail.com,Anica.Leary@gmail.com,police officer
288,Mary,Truc,Mary.Truc@yopmail.com,Mary.Truc@gmail.com,worker
289,Britni,Tannie,Britni.Tannie@yopmail.com,Britni.Tannie@gmail.com,doctor
290,Meg,Regan,Meg.Regan@yopmail.com,Meg.Regan@gmail.com,worker
291,Aryn,Cherianne,Aryn.Cherianne@yopmail.com,Aryn.Cherianne@gmail.com,firefighter
292,Gerrie,Maiah,Gerrie.Maiah@yopmail.com,Gerrie.Maiah@gmail.com,doctor
293,Genevra,Brandice,Genevra.Brandice@yopmail.com,Genevra.Brandice@gmail.com,police officer
294,Mara,Bord,Mara.Bord@yopmail.com,Mara.Bord@gmail.com,police officer
295,Paulita,Doig,Paulita.Doig@yopmail.com,Paulita.Doig@gmail.com,firefighter
296,Riannon,Jerald,Riannon.Jerald@yopmail.com,Riannon.Jerald@gmail.com,developer
297,Fawne,Tufts,Fawne.Tufts@yopmail.com,Fawne.Tufts@gmail.com,police officer
298,Angela,Yusuk,Angela.Yusuk@yopmail.com,Angela.Yusuk@gmail.com,firefighter
299,Tami,Nelsen,Tami.Nelsen@yopmail.com,Tami.Nelsen@gmail.com,worker
300,Adore,Friede,Adore.Friede@yopmail.com,Adore.Friede@gmail.com,firefighter
301,Annabela,Berne,Annabela.Berne@yopmail.com,Annabela.Berne@gmail.com,developer
302,Cecile,Oscar,Cecile.Oscar@yopmail.com,Cecile.Oscar@gmail.com,developer
303,Donnie,Nedrud,Donnie.Nedrud@yopmail.com,Donnie.Nedrud@gmail.com,doctor
304,Annaliese,Xerxes,Annaliese.Xerxes@yopmail.com,Annaliese.Xerxes@gmail.com,doctor
305,Lesly,Lunsford,Lesly.Lunsford@yopmail.com,Lesly.Lunsford@gmail.com,police officer
306,Jeanna,Dorothy,Jeanna.Dorothy@yopmail.com,Jeanna.Dorothy@gmail.com,developer
307,Debee,Verger,Debee.Verger@yopmail.com,Debee.Verger@gmail.com,firefighter
308,Eadie,Redmond,Eadie.Redmond@yopmail.com,Eadie.Redmond@gmail.com,police officer
309,Cherilyn,Moina,Cherilyn.Moina@yopmail.com,Cherilyn.Moina@gmail.com,firefighter
310,Nollie,Duwalt,Nollie.Duwalt@yopmail.com,Nollie.Duwalt@gmail.com,firefighter
311,Madelle,Dunkin,Madelle.Dunkin@yopmail.com,Madelle.Dunkin@gmail.com,worker
312,Loree,Hebner,Loree.Hebner@yopmail.com,Loree.Hebner@gmail.com,developer
313,Gabi,Eldrid,Gabi.Eldrid@yopmail.com,Gabi.Eldrid@gmail.com,worker
314,Justinn,Roxanna,Justinn.Roxanna@yopmail.com,Justinn.Roxanna@gmail.com,police officer
315,Livvyy,Bryna,Livvyy.Bryna@yopmail.com,Livvyy.Bryna@gmail.com,worker
316,Janis,Sheedy,Janis.Sheedy@yopmail.com,Janis.Sheedy@gmail.com,developer
317,Aeriela,Fink,Aeriela.Fink@yopmail.com,Aeriela.Fink@gmail.com,worker
318,Chere,Maisey,Chere.Maisey@yopmail.com,Chere.Maisey@gmail.com,firefighter
319,Gabi,Colyer,Gabi.Colyer@yopmail.com,Gabi.Colyer@gmail.com,worker
320,Augustine,Tremayne,Augustine.Tremayne@yopmail.com,Augustine.Tremayne@gmail.com,police officer
321,Krystle,Celestine,Krystle.Celestine@yopmail.com,Krystle.Celestine@gmail.com,worker
322,Rivalee,Brackely,Rivalee.Brackely@yopmail.com,Rivalee.Brackely@gmail.com,firefighter
323,Carree,Shaddock,Carree.Shaddock@yopmail.com,Carree.Shaddock@gmail.com,worker
324,Jeanna,Ciapas,Jeanna.Ciapas@yopmail.com,Jeanna.Ciapas@gmail.com,firefighter
325,Cyndie,Wyn,Cyndie.Wyn@yopmail.com,Cyndie.Wyn@gmail.com,firefighter
326,Dotty,Lane,Dotty.Lane@yopmail.com,Dotty.Lane@gmail.com,worker
327,Briney,Jerold,Briney.Jerold@yopmail.com,Briney.Jerold@gmail.com,developer
328,Kathy,Bashemeth,Kathy.Bashemeth@yopmail.com,Kathy.Bashemeth@gmail.com,police officer
329,Merle,Juan,Merle.Juan@yopmail.com,Merle.Juan@gmail.com,worker
330,Clarice,Chinua,Clarice.Chinua@yopmail.com,Clarice.Chinua@gmail.com,worker
331,Chastity,Hertzfeld,Chastity.Hertzfeld@yopmail.com,Chastity.Hertzfeld@gmail.com,developer
332,Winny,Melan,Winny.Melan@yopmail.com,Winny.Melan@gmail.com,police officer
333,Theodora,Deny,Theodora.Deny@yopmail.com,Theodora.Deny@gmail.com,worker
334,Barbi,Gunn,Barbi.Gunn@yopmail.com,Barbi.Gunn@gmail.com,doctor
335,Edith,Janith,Edith.Janith@yopmail.com,Edith.Janith@gmail.com,worker
336,Ira,Hartnett,Ira.Hartnett@yopmail.com,Ira.Hartnett@gmail.com,developer
337,Ariela,Denis,Ariela.Denis@yopmail.com,Ariela.Denis@gmail.com,developer
338,Raf,Sekofski,Raf.Sekofski@yopmail.com,Raf.Sekofski@gmail.com,developer
339,Veda,My,Veda.My@yopmail.com,Veda.My@gmail.com,worker
340,Michaelina,Saunderson,Michaelina.Saunderson@yopmail.com,Michaelina.Saunderson@gmail.com,firefighter
341,Peri,Bury,Peri.Bury@yopmail.com,Peri.Bury@gmail.com,firefighter
342,Melina,Torray,Melina.Torray@yopmail.com,Melina.Torray@gmail.com,developer
343,Chrystel,Dielu,Chrystel.Dielu@yopmail.com,Chrystel.Dielu@gmail.com,doctor
344,Tani,Schwejda,Tani.Schwejda@yopmail.com,Tani.Schwejda@gmail.com,developer
345,Arlena,Bury,Arlena.Bury@yopmail.com,Arlena.Bury@gmail.com,developer
346,Lily,Darian,Lily.Darian@yopmail.com,Lily.Darian@gmail.com,doctor
347,Rosabelle,Prober,Rosabelle.Prober@yopmail.com,Rosabelle.Prober@gmail.com,police officer
348,Ada,Berl,Ada.Berl@yopmail.com,Ada.Berl@gmail.com,worker
349,Arlena,Raychel,Arlena.Raychel@yopmail.com,Arlena.Raychel@gmail.com,developer
350,Sharlene,Danby,Sharlene.Danby@yopmail.com,Sharlene.Danby@gmail.com,worker
351,Allis,Koehler,Allis.Koehler@yopmail.com,Allis.Koehler@gmail.com,doctor
352,Barbi,Ummersen,Barbi.Ummersen@yopmail.com,Barbi.Ummersen@gmail.com,firefighter
353,Gabriellia,Aprile,Gabriellia.Aprile@yopmail.com,Gabriellia.Aprile@gmail.com,firefighter
354,Dyann,Carolin,Dyann.Carolin@yopmail.com,Dyann.Carolin@gmail.com,developer
355,Hannis,Berriman,Hannis.Berriman@yopmail.com,Hannis.Berriman@gmail.com,worker
356,Cassondra,Nedrud,Cassondra.Nedrud@yopmail.com,Cassondra.Nedrud@gmail.com,developer
357,Camile,Ursulette,Camile.Ursulette@yopmail.com,Camile.Ursulette@gmail.com,firefighter
358,Olivette,Kiersten,Olivette.Kiersten@yopmail.com,Olivette.Kiersten@gmail.com,developer
359,Petronia,Grayce,Petronia.Grayce@yopmail.com,Petronia.Grayce@gmail.com,developer
360,Katharina,Tyson,Katharina.Tyson@yopmail.com,Katharina.Tyson@gmail.com,firefighter
361,Shandie,Stuart,Shandie.Stuart@yopmail.com,Shandie.Stuart@gmail.com,worker
362,Chandra,Pyle,Chandra.Pyle@yopmail.com,Chandra.Pyle@gmail.com,doctor
363,Gertrud,Fosque,Gertrud.Fosque@yopmail.com,Gertrud.Fosque@gmail.com,firefighter
364,Michaelina,Ingra,Michaelina.Ingra@yopmail.com,Michaelina.Ingra@gmail.com,firefighter
365,Kassey,Hepsibah,Kassey.Hepsibah@yopmail.com,Kassey.Hepsibah@gmail.com,worker
366,Jolyn,Rese,Jolyn.Rese@yopmail.com,Jolyn.Rese@gmail.com,developer
367,Libbie,Teddman,Libbie.Teddman@yopmail.com,Libbie.Teddman@gmail.com,firefighter
368,Gerianna,Chinua,Gerianna.Chinua@yopmail.com,Gerianna.Chinua@gmail.com,worker
369,Aubrie,Ophelia,Aubrie.Ophelia@yopmail.com,Aubrie.Ophelia@gmail.com,doctor
370,Tonia,Adrienne,Tonia.Adrienne@yopmail.com,Tonia.Adrienne@gmail.com,worker
371,Krystle,Fry,Krystle.Fry@yopmail.com,Krystle.Fry@gmail.com,doctor
372,Fina,Schroth,Fina.Schroth@yopmail.com,Fina.Schroth@gmail.com,police officer
373,Madeleine,Goode,Madeleine.Goode@yopmail.com,Madeleine.Goode@gmail.com,doctor
374,Anestassia,Pond,Anestassia.Pond@yopmail.com,Anestassia.Pond@gmail.com,doctor
375,Heida,Blake,Heida.Blake@yopmail.com,Heida.Blake@gmail.com,doctor
376,Valera,Cecile,Valera.Cecile@yopmail.com,Valera.Cecile@gmail.com,doctor
377,Oralee,Ball,Oralee.Ball@yopmail.com,Oralee.Ball@gmail.com,developer
378,Bobinette,Gherardo,Bobinette.Gherardo@yopmail.com,Bobinette.Gherardo@gmail.com,firefighter
379,Fayre,Fink,Fayre.Fink@yopmail.com,Fayre.Fink@gmail.com,police officer
380,Nariko,Rosette,Nariko.Rosette@yopmail.com,Nariko.Rosette@gmail.com,worker
381,Stevana,Maisey,Stevana.Maisey@yopmail.com,Stevana.Maisey@gmail.com,doctor
382,Myrtice,Codding,Myrtice.Codding@yopmail.com,Myrtice.Codding@gmail.com,worker
383,Yolane,Merell,Yolane.Merell@yopmail.com,Yolane.Merell@gmail.com,developer
384,Emilia,Maples,Emilia.Maples@yopmail.com,Emilia.Maples@gmail.com,developer
385,Eugine,Mullane,Eugine.Mullane@yopmail.com,Eugine.Mullane@gmail.com,worker
386,Albertina,Faria,Albertina.Faria@yopmail.com,Albertina.Faria@gmail.com,doctor
387,Myriam,Tengdin,Myriam.Tengdin@yopmail.com,Myriam.Tengdin@gmail.com,firefighter
388,Danny,Odysseus,Danny.Odysseus@yopmail.com,Danny.Odysseus@gmail.com,developer
389,Kristina,Buttaro,Kristina.Buttaro@yopmail.com,Kristina.Buttaro@gmail.com,developer
390,Rhea,Nahum,Rhea.Nahum@yopmail.com,Rhea.Nahum@gmail.com,developer
391,Hettie,Stevy,Hettie.Stevy@yopmail.com,Hettie.Stevy@gmail.com,developer
392,Cherilyn,Cath,Cherilyn.Cath@yopmail.com,Cherilyn.Cath@gmail.com,developer
393,Tonia,Libna,Tonia.Libna@yopmail.com,Tonia.Libna@gmail.com,firefighter
394,Joeann,Flyn,Joeann.Flyn@yopmail.com,Joeann.Flyn@gmail.com,police officer
395,Cassondra,Othilia,Cassondra.Othilia@yopmail.com,Cassondra.Othilia@gmail.com,developer
396,Robinia,Dash,Robinia.Dash@yopmail.com,Robinia.Dash@gmail.com,developer
397,Tamqrah,Merat,Tamqrah.Merat@yopmail.com,Tamqrah.Merat@gmail.com,doctor
398,Lulita,Jarib,Lulita.Jarib@yopmail.com,Lulita.Jarib@gmail.com,developer
399,Theodora,Odysseus,Theodora.Odysseus@yopmail.com,Theodora.Odysseus@gmail.com,firefighter
400,Aili,Podvin,Aili.Podvin@yopmail.com,Aili.Podvin@gmail.com,developer
401,Malina,Delacourt,Malina.Delacourt@yopmail.com,Malina.Delacourt@gmail.com,doctor
402,Netty,Gale,Netty.Gale@yopmail.com,Netty.Gale@gmail.com,worker
403,Binny,Center,Binny.Center@yopmail.com,Binny.Center@gmail.com,police officer
404,Kristina,Yam,Kristina.Yam@yopmail.com,Kristina.Yam@gmail.com,developer
405,Betta,Alva,Betta.Alva@yopmail.com,Betta.Alva@gmail.com,developer
406,Deedee,Serilda,Deedee.Serilda@yopmail.com,Deedee.Serilda@gmail.com,doctor
407,Adore,Therine,Adore.Therine@yopmail.com,Adore.Therine@gmail.com,doctor
408,Ulrike,Gombach,Ulrike.Gombach@yopmail.com,Ulrike.Gombach@gmail.com,firefighter
409,Lanna,Baptlsta,Lanna.Baptlsta@yopmail.com,Lanna.Baptlsta@gmail.com,police officer
410,Aurore,Bonucci,Aurore.Bonucci@yopmail.com,Aurore.Bonucci@gmail.com,doctor
411,Fidelia,Isacco,Fidelia.Isacco@yopmail.com,Fidelia.Isacco@gmail.com,police officer
412,Jacenta,Baptlsta,Jacenta.Baptlsta@yopmail.com,Jacenta.Baptlsta@gmail.com,developer
413,Roseline,Friede,Roseline.Friede@yopmail.com,Roseline.Friede@gmail.com,police officer
414,Andeee,Pattin,Andeee.Pattin@yopmail.com,Andeee.Pattin@gmail.com,worker
415,Tressa,Breed,Tressa.Breed@yopmail.com,Tressa.Breed@gmail.com,worker
416,Mary,Lymann,Mary.Lymann@yopmail.com,Mary.Lymann@gmail.com,firefighter
417,Ardys,Behre,Ardys.Behre@yopmail.com,Ardys.Behre@gmail.com,doctor
418,Joleen,Rossner,Joleen.Rossner@yopmail.com,Joleen.Rossner@gmail.com,firefighter
419,Dania,An,Dania.An@yopmail.com,Dania.An@gmail.com,police officer
420,Halette,Lemuela,Halette.Lemuela@yopmail.com,Halette.Lemuela@gmail.com,firefighter
421,Miquela,Ellord,Miquela.Ellord@yopmail.com,Miquela.Ellord@gmail.com,worker
422,Felice,Bethany,Felice.Bethany@yopmail.com,Felice.Bethany@gmail.com,doctor
423,Sophia,Roscoe,Sophia.Roscoe@yopmail.com,Sophia.Roscoe@gmail.com,firefighter
424,Kristan,Valerio,Kristan.Valerio@yopmail.com,Kristan.Valerio@gmail.com,firefighter
425,Brietta,Ball,Brietta.Ball@yopmail.com,Brietta.Ball@gmail.com,developer
426,Lelah,Ricki,Lelah.Ricki@yopmail.com,Lelah.Ricki@gmail.com,doctor
427,Lita,Sidonius,Lita.Sidonius@yopmail.com,Lita.Sidonius@gmail.com,worker
428,Valeda,Read,Valeda.Read@yopmail.com,Valeda.Read@gmail.com,developer
429,Madalyn,Mike,Madalyn.Mike@yopmail.com,Madalyn.Mike@gmail.com,worker
430,Helsa,Payson,Helsa.Payson@yopmail.com,Helsa.Payson@gmail.com,developer
431,Mallory,Tristram,Mallory.Tristram@yopmail.com,Mallory.Tristram@gmail.com,developer
432,Doro,Joeann,Doro.Joeann@yopmail.com,Doro.Joeann@gmail.com,developer
433,Claudina,Ledah,Claudina.Ledah@yopmail.com,Claudina.Ledah@gmail.com,police officer
434,Marsiella,Calhoun,Marsiella.Calhoun@yopmail.com,Marsiella.Calhoun@gmail.com,firefighter
435,Nanete,McAdams,Nanete.McAdams@yopmail.com,Nanete.McAdams@gmail.com,firefighter
436,Natka,Brodench,Natka.Brodench@yopmail.com,Natka.Brodench@gmail.com,police officer
437,Madalyn,Monaco,Madalyn.Monaco@yopmail.com,Madalyn.Monaco@gmail.com,police officer
438,Orsola,Colleen,Orsola.Colleen@yopmail.com,Orsola.Colleen@gmail.com,doctor
439,Melina,Khorma,Melina.Khorma@yopmail.com,Melina.Khorma@gmail.com,doctor
440,Mariele,Nikaniki,Mariele.Nikaniki@yopmail.com,Mariele.Nikaniki@gmail.com,worker
441,Priscilla,Sparhawk,Priscilla.Sparhawk@yopmail.com,Priscilla.Sparhawk@gmail.com,police officer
442,Lizzie,Devlen,Lizzie.Devlen@yopmail.com,Lizzie.Devlen@gmail.com,developer
443,Donnie,Shaver,Donnie.Shaver@yopmail.com,Donnie.Shaver@gmail.com,worker
444,Silvana,Bivins,Silvana.Bivins@yopmail.com,Silvana.Bivins@gmail.com,police officer
445,Rubie,Kelula,Rubie.Kelula@yopmail.com,Rubie.Kelula@gmail.com,doctor
446,Sam,Engdahl,Sam.Engdahl@yopmail.com,Sam.Engdahl@gmail.com,police officer
447,Elena,Reinke,Elena.Reinke@yopmail.com,Elena.Reinke@gmail.com,police officer
448,Winifred,Aloise,Winifred.Aloise@yopmail.com,Winifred.Aloise@gmail.com,doctor
449,Glenda,Alexandr,Glenda.Alexandr@yopmail.com,Glenda.Alexandr@gmail.com,worker
450,Kary,Ciro,Kary.Ciro@yopmail.com,Kary.Ciro@gmail.com,firefighter
451,Ebonee,Bronk,Ebonee.Bronk@yopmail.com,Ebonee.Bronk@gmail.com,worker
452,Ardys,Jalbert,Ardys.Jalbert@yopmail.com,Ardys.Jalbert@gmail.com,doctor
453,Eolanda,Alejoa,Eolanda.Alejoa@yopmail.com,Eolanda.Alejoa@gmail.com,firefighter
454,Giustina,Gilbertson,Giustina.Gilbertson@yopmail.com,Giustina.Gilbertson@gmail.com,developer
455,Marti,Brodench,Marti.Brodench@yopmail.com,Marti.Brodench@gmail.com,police officer
456,Nadine,Hanleigh,Nadine.Hanleigh@yopmail.com,Nadine.Hanleigh@gmail.com,doctor
457,Tori,Rad,Tori.Rad@yopmail.com,Tori.Rad@gmail.com,doctor
458,Pearline,Bartlett,Pearline.Bartlett@yopmail.com,Pearline.Bartlett@gmail.com,firefighter
459,Sallie,Manolo,Sallie.Manolo@yopmail.com,Sallie.Manolo@gmail.com,doctor
460,Livvyy,Gherardo,Livvyy.Gherardo@yopmail.com,Livvyy.Gherardo@gmail.com,police officer
461,Daphne,Keily,Daphne.Keily@yopmail.com,Daphne.Keily@gmail.com,developer
462,Paule,Stover,Paule.Stover@yopmail.com,Paule.Stover@gmail.com,firefighter
463,Hallie,Keelia,Hallie.Keelia@yopmail.com,Hallie.Keelia@gmail.com,developer
464,Jillayne,Colp,Jillayne.Colp@yopmail.com,Jillayne.Colp@gmail.com,developer
465,Lauryn,Maxi,Lauryn.Maxi@yopmail.com,Lauryn.Maxi@gmail.com,doctor
466,Natka,Carleen,Natka.Carleen@yopmail.com,Natka.Carleen@gmail.com,developer
467,Kathi,Gladstone,Kathi.Gladstone@yopmail.com,Kathi.Gladstone@gmail.com,firefighter
468,Roseline,Mallon,Roseline.Mallon@yopmail.com,Roseline.Mallon@gmail.com,developer
469,Elsie,Faro,Elsie.Faro@yopmail.com,Elsie.Faro@gmail.com,firefighter
470,Micheline,Palocz,Micheline.Palocz@yopmail.com,Micheline.Palocz@gmail.com,worker
471,Keelia,Oriana,Keelia.Oriana@yopmail.com,Keelia.Oriana@gmail.com,worker
472,Nananne,Wattenberg,Nananne.Wattenberg@yopmail.com,Nananne.Wattenberg@gmail.com,police officer
473,Therine,Delila,Therine.Delila@yopmail.com,Therine.Delila@gmail.com,police officer
474,Jerry,Miru,Jerry.Miru@yopmail.com,Jerry.Miru@gmail.com,worker
475,Randa,Mauer,Randa.Mauer@yopmail.com,Randa.Mauer@gmail.com,firefighter
476,Rubie,Llovera,Rubie.Llovera@yopmail.com,Rubie.Llovera@gmail.com,worker
477,Melodie,Lauraine,Melodie.Lauraine@yopmail.com,Melodie.Lauraine@gmail.com,worker
478,Emilia,Carmena,Emilia.Carmena@yopmail.com,Emilia.Carmena@gmail.com,doctor
479,Pamella,Redmond,Pamella.Redmond@yopmail.com,Pamella.Redmond@gmail.com,firefighter
480,Stacey,Joachim,Stacey.Joachim@yopmail.com,Stacey.Joachim@gmail.com,police officer
481,Madalyn,Hebner,Madalyn.Hebner@yopmail.com,Madalyn.Hebner@gmail.com,doctor
482,Elena,Fairweather,Elena.Fairweather@yopmail.com,Elena.Fairweather@gmail.com,police officer
483,Luci,Weitman,Luci.Weitman@yopmail.com,Luci.Weitman@gmail.com,police officer
484,Britni,Madelene,Britni.Madelene@yopmail.com,Britni.Madelene@gmail.com,police officer
485,Fanchon,Lumbard,Fanchon.Lumbard@yopmail.com,Fanchon.Lumbard@gmail.com,developer
486,Aili,Cleo,Aili.Cleo@yopmail.com,Aili.Cleo@gmail.com,doctor
487,Aili,Roscoe,Aili.Roscoe@yopmail.com,Aili.Roscoe@gmail.com,firefighter
488,Carol-Jean,Henrie,Carol-Jean.Henrie@yopmail.com,Carol-Jean.Henrie@gmail.com,worker
489,Claresta,Pernick,Claresta.Pernick@yopmail.com,Claresta.Pernick@gmail.com,police officer
490,Larine,Land,Larine.Land@yopmail.com,Larine.Land@gmail.com,doctor
491,Cacilie,Land,Cacilie.Land@yopmail.com,Cacilie.Land@gmail.com,police officer
492,Lucy,Mayeda,Lucy.Mayeda@yopmail.com,Lucy.Mayeda@gmail.com,firefighter
493,Dacia,Kunin,Dacia.Kunin@yopmail.com,Dacia.Kunin@gmail.com,firefighter
494,Ariela,Olin,Ariela.Olin@yopmail.com,Ariela.Olin@gmail.com,firefighter
495,Berget,Madox,Berget.Madox@yopmail.com,Berget.Madox@gmail.com,police officer
496,Jacquetta,Terencio,Jacquetta.Terencio@yopmail.com,Jacquetta.Terencio@gmail.com,worker
497,Dorthy,Milde,Dorthy.Milde@yopmail.com,Dorthy.Milde@gmail.com,doctor
498,Hermione,Edmund,Hermione.Edmund@yopmail.com,Hermione.Edmund@gmail.com,worker
499,Maye,Fontana,Maye.Fontana@yopmail.com,Maye.Fontana@gmail.com,worker
500,Cristine,Bryna,Cristine.Bryna@yopmail.com,Cristine.Bryna@gmail.com,developer
501,Desirae,Romelda,Desirae.Romelda@yopmail.com,Desirae.Romelda@gmail.com,worker
502,Violet,Birdella,Violet.Birdella@yopmail.com,Violet.Birdella@gmail.com,worker
503,Pollyanna,Krystle,Pollyanna.Krystle@yopmail.com,Pollyanna.Krystle@gmail.com,firefighter
504,Ethel,Tengdin,Ethel.Tengdin@yopmail.com,Ethel.Tengdin@gmail.com,doctor
505,Elka,Birdella,Elka.Birdella@yopmail.com,Elka.Birdella@gmail.com,developer
506,Berta,Birdella,Berta.Birdella@yopmail.com,Berta.Birdella@gmail.com,firefighter
507,Karina,Miru,Karina.Miru@yopmail.com,Karina.Miru@gmail.com,developer
508,Doro,Isacco,Doro.Isacco@yopmail.com,Doro.Isacco@gmail.com,doctor
509,Lynde,Marijo,Lynde.Marijo@yopmail.com,Lynde.Marijo@gmail.com,police officer
510,Gusty,Dalli,Gusty.Dalli@yopmail.com,Gusty.Dalli@gmail.com,developer
511,Ericka,Sholley,Ericka.Sholley@yopmail.com,Ericka.Sholley@gmail.com,doctor
512,Brianna,Marcellus,Brianna.Marcellus@yopmail.com,Brianna.Marcellus@gmail.com,worker
513,Jacenta,Arquit,Jacenta.Arquit@yopmail.com,Jacenta.Arquit@gmail.com,police officer
514,Brena,Tayib,Brena.Tayib@yopmail.com,Brena.Tayib@gmail.com,developer
515,Yolane,Callista,Yolane.Callista@yopmail.com,Yolane.Callista@gmail.com,police officer
516,Sybille,Isacco,Sybille.Isacco@yopmail.com,Sybille.Isacco@gmail.com,worker
517,Rosaline,Vittoria,Rosaline.Vittoria@yopmail.com,Rosaline.Vittoria@gmail.com,police officer
518,Adelle,Jammal,Adelle.Jammal@yopmail.com,Adelle.Jammal@gmail.com,police officer
519,Maurene,Chesna,Maurene.Chesna@yopmail.com,Maurene.Chesna@gmail.com,doctor
520,Regina,Artie,Regina.Artie@yopmail.com,Regina.Artie@gmail.com,police officer
521,Fawne,Bouchard,Fawne.Bouchard@yopmail.com,Fawne.Bouchard@gmail.com,police officer
522,Camile,Wilkinson,Camile.Wilkinson@yopmail.com,Camile.Wilkinson@gmail.com,doctor
523,Alia,Bronk,Alia.Bronk@yopmail.com,Alia.Bronk@gmail.com,worker
524,Clary,Freddi,Clary.Freddi@yopmail.com,Clary.Freddi@gmail.com,developer
525,Hayley,Pierette,Hayley.Pierette@yopmail.com,Hayley.Pierette@gmail.com,worker
526,Gianina,Claudine,Gianina.Claudine@yopmail.com,Gianina.Claudine@gmail.com,police officer
527,Riannon,Tannie,Riannon.Tannie@yopmail.com,Riannon.Tannie@gmail.com,doctor
528,Daune,Orlene,Daune.Orlene@yopmail.com,Daune.Orlene@gmail.com,doctor
529,Doralynne,Gladstone,Doralynne.Gladstone@yopmail.com,Doralynne.Gladstone@gmail.com,doctor
530,Dyann,Tengdin,Dyann.Tengdin@yopmail.com,Dyann.Tengdin@gmail.com,doctor
531,Pierette,Raul,Pierette.Raul@yopmail.com,Pierette.Raul@gmail.com,firefighter
532,Lelah,Robertson,Lelah.Robertson@yopmail.com,Lelah.Robertson@gmail.com,developer
533,Tabbatha,Quinn,Tabbatha.Quinn@yopmail.com,Tabbatha.Quinn@gmail.com,worker
534,Shaylyn,Kravits,Shaylyn.Kravits@yopmail.com,Shaylyn.Kravits@gmail.com,police officer
535,Verla,Vacuva,Verla.Vacuva@yopmail.com,Verla.Vacuva@gmail.com,firefighter
536,Lita,Marlie,Lita.Marlie@yopmail.com,Lita.Marlie@gmail.com,developer
537,Ardeen,Nadia,Ardeen.Nadia@yopmail.com,Ardeen.Nadia@gmail.com,developer
538,Oralee,Lorain,Oralee.Lorain@yopmail.com,Oralee.Lorain@gmail.com,firefighter
539,Chickie,Breed,Chickie.Breed@yopmail.com,Chickie.Breed@gmail.com,developer
540,Florie,Bohlin,Florie.Bohlin@yopmail.com,Florie.Bohlin@gmail.com,police officer
541,Inga,Schroth,Inga.Schroth@yopmail.com,Inga.Schroth@gmail.com,doctor
542,Maridel,Yam,Maridel.Yam@yopmail.com,Maridel.Yam@gmail.com,police officer
543,Violet,Remmer,Violet.Remmer@yopmail.com,Violet.Remmer@gmail.com,firefighter
544,Harmonia,Aldric,Harmonia.Aldric@yopmail.com,Harmonia.Aldric@gmail.com,police officer
545,Angela,Tarrant,Angela.Tarrant@yopmail.com,Angela.Tarrant@gmail.com,firefighter
546,Sharlene,Merat,Sharlene.Merat@yopmail.com,Sharlene.Merat@gmail.com,firefighter
547,Estell,Maiah,Estell.Maiah@yopmail.com,Estell.Maiah@gmail.com,firefighter
548,Misha,Chesna,Misha.Chesna@yopmail.com,Misha.Chesna@gmail.com,police officer
549,Janeczka,Velick,Janeczka.Velick@yopmail.com,Janeczka.Velick@gmail.com,developer
550,Raf,Stover,Raf.Stover@yopmail.com,Raf.Stover@gmail.com,developer
551,Myriam,Magnolia,Myriam.Magnolia@yopmail.com,Myriam.Magnolia@gmail.com,developer
552,Pierette,Ax,Pierette.Ax@yopmail.com,Pierette.Ax@gmail.com,developer
553,Berget,Eckblad,Berget.Eckblad@yopmail.com,Berget.Eckblad@gmail.com,doctor
554,Madelle,Ehrman,Madelle.Ehrman@yopmail.com,Madelle.Ehrman@gmail.com,police officer
555,Kylynn,Fleeta,Kylynn.Fleeta@yopmail.com,Kylynn.Fleeta@gmail.com,police officer
556,Mamie,O'Rourke,Mamie.O'Rourke@yopmail.com,Mamie.O'Rourke@gmail.com,worker
557,Averyl,Diogenes,Averyl.Diogenes@yopmail.com,Averyl.Diogenes@gmail.com,doctor
558,Aaren,Tengdin,Aaren.Tengdin@yopmail.com,Aaren.Tengdin@gmail.com,developer
559,Nananne,Kermit,Nananne.Kermit@yopmail.com,Nananne.Kermit@gmail.com,firefighter
560,Lilith,Havens,Lilith.Havens@yopmail.com,Lilith.Havens@gmail.com,worker
561,Blake,Ahab,Blake.Ahab@yopmail.com,Blake.Ahab@gmail.com,doctor
562,Johna,Annice,Johna.Annice@yopmail.com,Johna.Annice@gmail.com,doctor
563,Kaja,Rolf,Kaja.Rolf@yopmail.com,Kaja.Rolf@gmail.com,doctor
564,Anestassia,Mendez,Anestassia.Mendez@yopmail.com,Anestassia.Mendez@gmail.com,worker
565,Sidoney,Schenck,Sidoney.Schenck@yopmail.com,Sidoney.Schenck@gmail.com,doctor
566,Mireielle,Baylor,Mireielle.Baylor@yopmail.com,Mireielle.Baylor@gmail.com,police officer
567,Kaia,Norrie,Kaia.Norrie@yopmail.com,Kaia.Norrie@gmail.com,firefighter
568,Morganica,Rubie,Morganica.Rubie@yopmail.com,Morganica.Rubie@gmail.com,doctor
569,Rozele,Erich,Rozele.Erich@yopmail.com,Rozele.Erich@gmail.com,police officer
570,Leona,Klemperer,Leona.Klemperer@yopmail.com,Leona.Klemperer@gmail.com,developer
571,Margette,Secrest,Margette.Secrest@yopmail.com,Margette.Secrest@gmail.com,police officer
572,Marita,Martguerita,Marita.Martguerita@yopmail.com,Marita.Martguerita@gmail.com,developer
573,Cam,Cleavland,Cam.Cleavland@yopmail.com,Cam.Cleavland@gmail.com,firefighter
574,Margarette,Donoghue,Margarette.Donoghue@yopmail.com,Margarette.Donoghue@gmail.com,police officer
575,Shauna,McCutcheon,Shauna.McCutcheon@yopmail.com,Shauna.McCutcheon@gmail.com,developer
576,Amelia,Kolnick,Amelia.Kolnick@yopmail.com,Amelia.Kolnick@gmail.com,doctor
577,Gaylene,Sadowski,Gaylene.Sadowski@yopmail.com,Gaylene.Sadowski@gmail.com,worker
578,Caritta,Dreda,Caritta.Dreda@yopmail.com,Caritta.Dreda@gmail.com,doctor
579,Lesly,Teddman,Lesly.Teddman@yopmail.com,Lesly.Teddman@gmail.com,developer
580,Agnese,Ricarda,Agnese.Ricarda@yopmail.com,Agnese.Ricarda@gmail.com,worker
581,Kamilah,Pitt,Kamilah.Pitt@yopmail.com,Kamilah.Pitt@gmail.com,firefighter
582,Annecorinne,Vittoria,Annecorinne.Vittoria@yopmail.com,Annecorinne.Vittoria@gmail.com,doctor
583,Evaleen,Klemperer,Evaleen.Klemperer@yopmail.com,Evaleen.Klemperer@gmail.com,developer
584,Alia,Poppy,Alia.Poppy@yopmail.com,Alia.Poppy@gmail.com,doctor
585,Ginnie,Borrell,Ginnie.Borrell@yopmail.com,Ginnie.Borrell@gmail.com,doctor
586,Doro,Hilbert,Doro.Hilbert@yopmail.com,Doro.Hilbert@gmail.com,police officer
587,Heida,Rudolph,Heida.Rudolph@yopmail.com,Heida.Rudolph@gmail.com,police officer
588,Daphne,Yoko,Daphne.Yoko@yopmail.com,Daphne.Yoko@gmail.com,developer
589,Bobinette,Kat,Bobinette.Kat@yopmail.com,Bobinette.Kat@gmail.com,firefighter
590,Christian,Grobe,Christian.Grobe@yopmail.com,Christian.Grobe@gmail.com,developer
591,Marcelline,Bandeen,Marcelline.Bandeen@yopmail.com,Marcelline.Bandeen@gmail.com,police officer
592,Allis,Elsinore,Allis.Elsinore@yopmail.com,Allis.Elsinore@gmail.com,developer
593,Albertina,Willie,Albertina.Willie@yopmail.com,Albertina.Willie@gmail.com,doctor
594,Kirstin,Modie,Kirstin.Modie@yopmail.com,Kirstin.Modie@gmail.com,worker
595,Jessy,Lalitta,Jessy.Lalitta@yopmail.com,Jessy.Lalitta@gmail.com,doctor
596,Gloria,Lymann,Gloria.Lymann@yopmail.com,Gloria.Lymann@gmail.com,developer
597,Grier,Jeanne,Grier.Jeanne@yopmail.com,Grier.Jeanne@gmail.com,firefighter
598,Jackie,Dahlia,Jackie.Dahlia@yopmail.com,Jackie.Dahlia@gmail.com,firefighter
599,Modestia,Raama,Modestia.Raama@yopmail.com,Modestia.Raama@gmail.com,doctor
600,Benita,Lanita,Benita.Lanita@yopmail.com,Benita.Lanita@gmail.com,developer
601,Merrie,Flyn,Merrie.Flyn@yopmail.com,Merrie.Flyn@gmail.com,doctor
602,Mary,Tengdin,Mary.Tengdin@yopmail.com,Mary.Tengdin@gmail.com,police officer
603,Fredericka,Suzetta,Fredericka.Suzetta@yopmail.com,Fredericka.Suzetta@gmail.com,firefighter
604,Loree,Pernick,Loree.Pernick@yopmail.com,Loree.Pernick@gmail.com,developer
605,Marnia,Dermott,Marnia.Dermott@yopmail.com,Marnia.Dermott@gmail.com,doctor
606,Kelly,Malvino,Kelly.Malvino@yopmail.com,Kelly.Malvino@gmail.com,doctor
607,Frances,McClimans,Frances.McClimans@yopmail.com,Frances.McClimans@gmail.com,developer
608,Kittie,Woodberry,Kittie.Woodberry@yopmail.com,Kittie.Woodberry@gmail.com,police officer
609,Joeann,Pattin,Joeann.Pattin@yopmail.com,Joeann.Pattin@gmail.com,police officer
610,Emmey,Billye,Emmey.Billye@yopmail.com,Emmey.Billye@gmail.com,doctor
611,Ayn,Naashom,Ayn.Naashom@yopmail.com,Ayn.Naashom@gmail.com,firefighter
612,Korrie,Clara,Korrie.Clara@yopmail.com,Korrie.Clara@gmail.com,firefighter
613,Carilyn,Stefa,Carilyn.Stefa@yopmail.com,Carilyn.Stefa@gmail.com,worker
614,Lorie,Iphlgenia,Lorie.Iphlgenia@yopmail.com,Lorie.Iphlgenia@gmail.com,police officer
615,Chrystel,Valerio,Chrystel.Valerio@yopmail.com,Chrystel.Valerio@gmail.com,doctor
616,Cristabel,Kaja,Cristabel.Kaja@yopmail.com,Cristabel.Kaja@gmail.com,developer
617,Averyl,Leary,Averyl.Leary@yopmail.com,Averyl.Leary@gmail.com,worker
618,Vita,Monk,Vita.Monk@yopmail.com,Vita.Monk@gmail.com,firefighter
619,Daryl,Merell,Daryl.Merell@yopmail.com,Daryl.Merell@gmail.com,developer
620,Felice,Nadia,Felice.Nadia@yopmail.com,Felice.Nadia@gmail.com,developer
621,Aurelie,Anton,Aurelie.Anton@yopmail.com,Aurelie.Anton@gmail.com,police officer
622,Carolina,Rosette,Carolina.Rosette@yopmail.com,Carolina.Rosette@gmail.com,police officer
623,Gerianna,Pearse,Gerianna.Pearse@yopmail.com,Gerianna.Pearse@gmail.com,worker
624,Lita,Cordi,Lita.Cordi@yopmail.com,Lita.Cordi@gmail.com,worker
625,Hollie,Cornelia,Hollie.Cornelia@yopmail.com,Hollie.Cornelia@gmail.com,developer
626,Neila,Toffic,Neila.Toffic@yopmail.com,Neila.Toffic@gmail.com,police officer
627,Felice,Thilda,Felice.Thilda@yopmail.com,Felice.Thilda@gmail.com,doctor
628,Cacilie,Glovsky,Cacilie.Glovsky@yopmail.com,Cacilie.Glovsky@gmail.com,developer
629,Millie,Sadowski,Millie.Sadowski@yopmail.com,Millie.Sadowski@gmail.com,doctor
630,Roseline,Kamaria,Roseline.Kamaria@yopmail.com,Roseline.Kamaria@gmail.com,police officer
631,Winifred,Lewes,Winifred.Lewes@yopmail.com,Winifred.Lewes@gmail.com,police officer
632,Darlleen,Adamsen,Darlleen.Adamsen@yopmail.com,Darlleen.Adamsen@gmail.com,doctor
633,Rhea,Emmaline,Rhea.Emmaline@yopmail.com,Rhea.Emmaline@gmail.com,developer
634,Shaine,Dominy,Shaine.Dominy@yopmail.com,Shaine.Dominy@gmail.com,developer
635,Annora,Luhe,Annora.Luhe@yopmail.com,Annora.Luhe@gmail.com,police officer
636,Jenda,Ethban,Jenda.Ethban@yopmail.com,Jenda.Ethban@gmail.com,firefighter
637,Codie,Wiener,Codie.Wiener@yopmail.com,Codie.Wiener@gmail.com,worker
638,Emma,Martsen,Emma.Martsen@yopmail.com,Emma.Martsen@gmail.com,doctor
639,Rosene,Florina,Rosene.Florina@yopmail.com,Rosene.Florina@gmail.com,developer
640,Madeleine,Ledah,Madeleine.Ledah@yopmail.com,Madeleine.Ledah@gmail.com,developer
641,Iseabal,Melleta,Iseabal.Melleta@yopmail.com,Iseabal.Melleta@gmail.com,doctor
642,Clary,Dulciana,Clary.Dulciana@yopmail.com,Clary.Dulciana@gmail.com,developer
643,Carlie,Herrera,Carlie.Herrera@yopmail.com,Carlie.Herrera@gmail.com,doctor
644,Tamqrah,Raimondo,Tamqrah.Raimondo@yopmail.com,Tamqrah.Raimondo@gmail.com,police officer
645,Larine,Kare,Larine.Kare@yopmail.com,Larine.Kare@gmail.com,firefighter
646,Tierney,Rubie,Tierney.Rubie@yopmail.com,Tierney.Rubie@gmail.com,firefighter
647,Florencia,Zola,Florencia.Zola@yopmail.com,Florencia.Zola@gmail.com,developer
648,Karina,Destinee,Karina.Destinee@yopmail.com,Karina.Destinee@gmail.com,developer
649,Tabbatha,Halla,Tabbatha.Halla@yopmail.com,Tabbatha.Halla@gmail.com,developer
650,Melodie,Wenda,Melodie.Wenda@yopmail.com,Melodie.Wenda@gmail.com,firefighter
651,Hayley,Bach,Hayley.Bach@yopmail.com,Hayley.Bach@gmail.com,doctor
652,Gusella,Mike,Gusella.Mike@yopmail.com,Gusella.Mike@gmail.com,police officer
653,Merci,Edee,Merci.Edee@yopmail.com,Merci.Edee@gmail.com,doctor
654,Rochette,Burnside,Rochette.Burnside@yopmail.com,Rochette.Burnside@gmail.com,police officer
655,Ebonee,Cressida,Ebonee.Cressida@yopmail.com,Ebonee.Cressida@gmail.com,worker
656,Teddie,Phyllis,Teddie.Phyllis@yopmail.com,Teddie.Phyllis@gmail.com,police officer
657,Tomasina,Dex,Tomasina.Dex@yopmail.com,Tomasina.Dex@gmail.com,doctor
658,Hallie,Glovsky,Hallie.Glovsky@yopmail.com,Hallie.Glovsky@gmail.com,firefighter
659,Rochette,Naor,Rochette.Naor@yopmail.com,Rochette.Naor@gmail.com,doctor
660,Farrah,Ietta,Farrah.Ietta@yopmail.com,Farrah.Ietta@gmail.com,police officer
661,Selia,Kirbee,Selia.Kirbee@yopmail.com,Selia.Kirbee@gmail.com,developer
662,Steffane,Dielu,Steffane.Dielu@yopmail.com,Steffane.Dielu@gmail.com,police officer
663,Gabriellia,Brackely,Gabriellia.Brackely@yopmail.com,Gabriellia.Brackely@gmail.com,firefighter
664,Anallese,Tacye,Anallese.Tacye@yopmail.com,Anallese.Tacye@gmail.com,firefighter
665,Merci,Hepsibah,Merci.Hepsibah@yopmail.com,Merci.Hepsibah@gmail.com,firefighter
666,Juliane,Claudine,Juliane.Claudine@yopmail.com,Juliane.Claudine@gmail.com,developer
667,Hildegaard,Linehan,Hildegaard.Linehan@yopmail.com,Hildegaard.Linehan@gmail.com,doctor
668,Averyl,Edee,Averyl.Edee@yopmail.com,Averyl.Edee@gmail.com,worker
669,Oona,Ade,Oona.Ade@yopmail.com,Oona.Ade@gmail.com,developer
670,Blondelle,Thilda,Blondelle.Thilda@yopmail.com,Blondelle.Thilda@gmail.com,developer
671,Nelle,Shaver,Nelle.Shaver@yopmail.com,Nelle.Shaver@gmail.com,police officer
672,Belinda,Karylin,Belinda.Karylin@yopmail.com,Belinda.Karylin@gmail.com,worker
673,Sharai,Cloris,Sharai.Cloris@yopmail.com,Sharai.Cloris@gmail.com,police officer
674,Helsa,Selway,Helsa.Selway@yopmail.com,Helsa.Selway@gmail.com,worker
675,Gretal,Beniamino,Gretal.Beniamino@yopmail.com,Gretal.Beniamino@gmail.com,developer
676,Charlena,Eliathas,Charlena.Eliathas@yopmail.com,Charlena.Eliathas@gmail.com,developer
677,Sonni,Margarete,Sonni.Margarete@yopmail.com,Sonni.Margarete@gmail.com,doctor
678,Heida,Fredi,Heida.Fredi@yopmail.com,Heida.Fredi@gmail.com,firefighter
679,Brynna,Markman,Brynna.Markman@yopmail.com,Brynna.Markman@gmail.com,developer
680,Pierette,Faso,Pierette.Faso@yopmail.com,Pierette.Faso@gmail.com,doctor
681,Lesly,Halsey,Lesly.Halsey@yopmail.com,Lesly.Halsey@gmail.com,doctor
682,Lorie,Ax,Lorie.Ax@yopmail.com,Lorie.Ax@gmail.com,police officer
683,Margette,Darian,Margette.Darian@yopmail.com,Margette.Darian@gmail.com,doctor
684,Genevra,Linehan,Genevra.Linehan@yopmail.com,Genevra.Linehan@gmail.com,doctor
685,Cathie,Pond,Cathie.Pond@yopmail.com,Cathie.Pond@gmail.com,police officer
686,Corene,Dosia,Corene.Dosia@yopmail.com,Corene.Dosia@gmail.com,developer
687,Tomasina,Sherrie,Tomasina.Sherrie@yopmail.com,Tomasina.Sherrie@gmail.com,worker
688,Genovera,Ovid,Genovera.Ovid@yopmail.com,Genovera.Ovid@gmail.com,doctor
689,Ericka,Camden,Ericka.Camden@yopmail.com,Ericka.Camden@gmail.com,developer
690,Tani,Sprage,Tani.Sprage@yopmail.com,Tani.Sprage@gmail.com,worker
691,Berget,Fiann,Berget.Fiann@yopmail.com,Berget.Fiann@gmail.com,developer
692,Konstance,Gerge,Konstance.Gerge@yopmail.com,Konstance.Gerge@gmail.com,developer
693,Luci,Hortensia,Luci.Hortensia@yopmail.com,Luci.Hortensia@gmail.com,doctor
694,Damaris,Avi,Damaris.Avi@yopmail.com,Damaris.Avi@gmail.com,firefighter
695,Kial,Kalinda,Kial.Kalinda@yopmail.com,Kial.Kalinda@gmail.com,police officer
696,Sam,Cottle,Sam.Cottle@yopmail.com,Sam.Cottle@gmail.com,worker
697,Bill,Gemini,Bill.Gemini@yopmail.com,Bill.Gemini@gmail.com,firefighter
698,Jacenta,Trace,Jacenta.Trace@yopmail.com,Jacenta.Trace@gmail.com,firefighter
699,Feliza,Ulphia,Feliza.Ulphia@yopmail.com,Feliza.Ulphia@gmail.com,developer
700,Carolina,Chick,Carolina.Chick@yopmail.com,Carolina.Chick@gmail.com,doctor
701,Luci,Herrera,Luci.Herrera@yopmail.com,Luci.Herrera@gmail.com,worker
702,Mellicent,Alejoa,Mellicent.Alejoa@yopmail.com,Mellicent.Alejoa@gmail.com,firefighter
703,Myrtice,Jammal,Myrtice.Jammal@yopmail.com,Myrtice.Jammal@gmail.com,developer
704,Christal,Arathorn,Christal.Arathorn@yopmail.com,Christal.Arathorn@gmail.com,doctor
705,Gerianna,Pip,Gerianna.Pip@yopmail.com,Gerianna.Pip@gmail.com,developer
706,Zaria,Tremayne,Zaria.Tremayne@yopmail.com,Zaria.Tremayne@gmail.com,doctor
707,Beatriz,Lasley,Beatriz.Lasley@yopmail.com,Beatriz.Lasley@gmail.com,developer
708,Fernande,Suzetta,Fernande.Suzetta@yopmail.com,Fernande.Suzetta@gmail.com,worker
709,Cathyleen,Barbey,Cathyleen.Barbey@yopmail.com,Cathyleen.Barbey@gmail.com,firefighter
710,Cissiee,Wilona,Cissiee.Wilona@yopmail.com,Cissiee.Wilona@gmail.com,worker
711,Bobbi,Diogenes,Bobbi.Diogenes@yopmail.com,Bobbi.Diogenes@gmail.com,police officer
712,Yetty,Jess,Yetty.Jess@yopmail.com,Yetty.Jess@gmail.com,police officer
713,Marline,Klemperer,Marline.Klemperer@yopmail.com,Marline.Klemperer@gmail.com,worker
714,Brooks,Harriman,Brooks.Harriman@yopmail.com,Brooks.Harriman@gmail.com,developer
715,Kathi,Ferino,Kathi.Ferino@yopmail.com,Kathi.Ferino@gmail.com,firefighter
716,Chloris,Hutchison,Chloris.Hutchison@yopmail.com,Chloris.Hutchison@gmail.com,police officer
717,Kirbee,Zetta,Kirbee.Zetta@yopmail.com,Kirbee.Zetta@gmail.com,developer
718,Cherrita,Clarissa,Cherrita.Clarissa@yopmail.com,Cherrita.Clarissa@gmail.com,firefighter
719,Darlleen,Evvie,Darlleen.Evvie@yopmail.com,Darlleen.Evvie@gmail.com,doctor
720,Nananne,Waldron,Nananne.Waldron@yopmail.com,Nananne.Waldron@gmail.com,doctor
721,Tera,Ludewig,Tera.Ludewig@yopmail.com,Tera.Ludewig@gmail.com,developer
722,Ilse,Ashely,Ilse.Ashely@yopmail.com,Ilse.Ashely@gmail.com,worker
723,Camile,Niles,Camile.Niles@yopmail.com,Camile.Niles@gmail.com,doctor
724,Gratia,Hailee,Gratia.Hailee@yopmail.com,Gratia.Hailee@gmail.com,doctor
725,Cecile,Hertzfeld,Cecile.Hertzfeld@yopmail.com,Cecile.Hertzfeld@gmail.com,police officer
726,Lauryn,Niccolo,Lauryn.Niccolo@yopmail.com,Lauryn.Niccolo@gmail.com,police officer
727,Daryl,Azeria,Daryl.Azeria@yopmail.com,Daryl.Azeria@gmail.com,firefighter
728,Livvyy,Juan,Livvyy.Juan@yopmail.com,Livvyy.Juan@gmail.com,doctor
729,Joleen,Glenden,Joleen.Glenden@yopmail.com,Joleen.Glenden@gmail.com,worker
730,Lauryn,Terencio,Lauryn.Terencio@yopmail.com,Lauryn.Terencio@gmail.com,developer
731,Etta,Ferino,Etta.Ferino@yopmail.com,Etta.Ferino@gmail.com,firefighter
732,Anallese,Darbie,Anallese.Darbie@yopmail.com,Anallese.Darbie@gmail.com,worker
733,Tera,Auberbach,Tera.Auberbach@yopmail.com,Tera.Auberbach@gmail.com,developer
734,Olivette,Stav,Olivette.Stav@yopmail.com,Olivette.Stav@gmail.com,worker
735,Helena,Hunfredo,Helena.Hunfredo@yopmail.com,Helena.Hunfredo@gmail.com,police officer
736,Cindelyn,Means,Cindelyn.Means@yopmail.com,Cindelyn.Means@gmail.com,developer
737,Mathilda,Rad,Mathilda.Rad@yopmail.com,Mathilda.Rad@gmail.com,worker
738,Clementine,Hull,Clementine.Hull@yopmail.com,Clementine.Hull@gmail.com,worker
739,Wanda,Xerxes,Wanda.Xerxes@yopmail.com,Wanda.Xerxes@gmail.com,doctor
740,Bill,Belanger,Bill.Belanger@yopmail.com,Bill.Belanger@gmail.com,developer
741,Donnie,Bebe,Donnie.Bebe@yopmail.com,Donnie.Bebe@gmail.com,doctor
742,Aryn,Kunin,Aryn.Kunin@yopmail.com,Aryn.Kunin@gmail.com,firefighter
743,Carolina,Pillsbury,Carolina.Pillsbury@yopmail.com,Carolina.Pillsbury@gmail.com,worker
744,Alisha,Ashok,Alisha.Ashok@yopmail.com,Alisha.Ashok@gmail.com,doctor
745,Marita,Khorma,Marita.Khorma@yopmail.com,Marita.Khorma@gmail.com,developer
746,Kaia,Wildermuth,Kaia.Wildermuth@yopmail.com,Kaia.Wildermuth@gmail.com,doctor
747,Wileen,Hedve,Wileen.Hedve@yopmail.com,Wileen.Hedve@gmail.com,firefighter
748,Fred,Bohlin,Fred.Bohlin@yopmail.com,Fred.Bohlin@gmail.com,worker
749,Kaia,Nea,Kaia.Nea@yopmail.com,Kaia.Nea@gmail.com,doctor
750,Cacilie,Curren,Cacilie.Curren@yopmail.com,Cacilie.Curren@gmail.com,worker
751,Roslyn,Thornburg,Roslyn.Thornburg@yopmail.com,Roslyn.Thornburg@gmail.com,police officer
752,Fina,Mitzi,Fina.Mitzi@yopmail.com,Fina.Mitzi@gmail.com,firefighter
753,Maryellen,Germann,Maryellen.Germann@yopmail.com,Maryellen.Germann@gmail.com,doctor
754,Shell,Norvol,Shell.Norvol@yopmail.com,Shell.Norvol@gmail.com,doctor
755,Gui,Thema,Gui.Thema@yopmail.com,Gui.Thema@gmail.com,developer
756,Elyssa,Center,Elyssa.Center@yopmail.com,Elyssa.Center@gmail.com,doctor
757,Quintina,Goth,Quintina.Goth@yopmail.com,Quintina.Goth@gmail.com,worker
758,Regina,Ingra,Regina.Ingra@yopmail.com,Regina.Ingra@gmail.com,doctor
759,Jasmina,Norrie,Jasmina.Norrie@yopmail.com,Jasmina.Norrie@gmail.com,worker
760,Leontine,Huggins,Leontine.Huggins@yopmail.com,Leontine.Huggins@gmail.com,doctor
761,Benita,Rustice,Benita.Rustice@yopmail.com,Benita.Rustice@gmail.com,police officer
762,Bernie,Wattenberg,Bernie.Wattenberg@yopmail.com,Bernie.Wattenberg@gmail.com,developer
763,Viki,Weinreb,Viki.Weinreb@yopmail.com,Viki.Weinreb@gmail.com,police officer
764,Margette,Malanie,Margette.Malanie@yopmail.com,Margette.Malanie@gmail.com,developer
765,Melisent,Khorma,Melisent.Khorma@yopmail.com,Melisent.Khorma@gmail.com,doctor
766,Berget,Rossner,Berget.Rossner@yopmail.com,Berget.Rossner@gmail.com,police officer
767,Deane,Elbertina,Deane.Elbertina@yopmail.com,Deane.Elbertina@gmail.com,worker
768,Noelle,Pelagias,Noelle.Pelagias@yopmail.com,Noelle.Pelagias@gmail.com,firefighter
769,Willetta,Candy,Willetta.Candy@yopmail.com,Willetta.Candy@gmail.com,developer
770,Grier,Tippets,Grier.Tippets@yopmail.com,Grier.Tippets@gmail.com,doctor
771,Kellen,Greenwald,Kellen.Greenwald@yopmail.com,Kellen.Greenwald@gmail.com,worker
772,Florie,Jethro,Florie.Jethro@yopmail.com,Florie.Jethro@gmail.com,doctor
773,Magdalena,Millda,Magdalena.Millda@yopmail.com,Magdalena.Millda@gmail.com,worker
774,Olivette,Arquit,Olivette.Arquit@yopmail.com,Olivette.Arquit@gmail.com,doctor
775,Allis,Adrienne,Allis.Adrienne@yopmail.com,Allis.Adrienne@gmail.com,developer
776,Sara-Ann,Pitt,Sara-Ann.Pitt@yopmail.com,Sara-Ann.Pitt@gmail.com,doctor
777,Jeanna,Mich,Jeanna.Mich@yopmail.com,Jeanna.Mich@gmail.com,doctor
778,Ardeen,Autrey,Ardeen.Autrey@yopmail.com,Ardeen.Autrey@gmail.com,firefighter
779,Stevana,Emmaline,Stevana.Emmaline@yopmail.com,Stevana.Emmaline@gmail.com,developer
780,Ketti,Kaja,Ketti.Kaja@yopmail.com,Ketti.Kaja@gmail.com,doctor
781,Ronna,Orelee,Ronna.Orelee@yopmail.com,Ronna.Orelee@gmail.com,worker
782,Shauna,Rustice,Shauna.Rustice@yopmail.com,Shauna.Rustice@gmail.com,developer
783,Andree,Orpah,Andree.Orpah@yopmail.com,Andree.Orpah@gmail.com,firefighter
784,Selma,Mathilde,Selma.Mathilde@yopmail.com,Selma.Mathilde@gmail.com,firefighter
785,Gusella,Markman,Gusella.Markman@yopmail.com,Gusella.Markman@gmail.com,doctor
786,Aurore,Byrne,Aurore.Byrne@yopmail.com,Aurore.Byrne@gmail.com,developer
787,Christian,Drisko,Christian.Drisko@yopmail.com,Christian.Drisko@gmail.com,police officer
788,Elka,Miru,Elka.Miru@yopmail.com,Elka.Miru@gmail.com,police officer
789,Althea,Strephon,Althea.Strephon@yopmail.com,Althea.Strephon@gmail.com,worker
790,Roslyn,Fitzsimmons,Roslyn.Fitzsimmons@yopmail.com,Roslyn.Fitzsimmons@gmail.com,developer
791,Willetta,Llovera,Willetta.Llovera@yopmail.com,Willetta.Llovera@gmail.com,firefighter
792,Jordan,McNully,Jordan.McNully@yopmail.com,Jordan.McNully@gmail.com,worker
793,Aurore,Tamsky,Aurore.Tamsky@yopmail.com,Aurore.Tamsky@gmail.com,firefighter
794,Jaime,Gabrielli,Jaime.Gabrielli@yopmail.com,Jaime.Gabrielli@gmail.com,doctor
795,Sibella,Adamsen,Sibella.Adamsen@yopmail.com,Sibella.Adamsen@gmail.com,doctor
796,Rosanne,Hathaway,Rosanne.Hathaway@yopmail.com,Rosanne.Hathaway@gmail.com,police officer
797,Hope,Firmin,Hope.Firmin@yopmail.com,Hope.Firmin@gmail.com,worker
798,Cordi,Thilda,Cordi.Thilda@yopmail.com,Cordi.Thilda@gmail.com,worker
799,Lita,Noam,Lita.Noam@yopmail.com,Lita.Noam@gmail.com,firefighter
800,Merry,Hutchison,Merry.Hutchison@yopmail.com,Merry.Hutchison@gmail.com,firefighter
801,Amara,Ursulette,Amara.Ursulette@yopmail.com,Amara.Ursulette@gmail.com,firefighter
802,Frank,Natica,Frank.Natica@yopmail.com,Frank.Natica@gmail.com,worker
803,Donnie,Goddard,Donnie.Goddard@yopmail.com,Donnie.Goddard@gmail.com,worker
804,Lesly,Bonucci,Lesly.Bonucci@yopmail.com,Lesly.Bonucci@gmail.com,worker
805,Lorenza,Toor,Lorenza.Toor@yopmail.com,Lorenza.Toor@gmail.com,worker
806,Adele,Norrie,Adele.Norrie@yopmail.com,Adele.Norrie@gmail.com,developer
807,Ebonee,Sharl,Ebonee.Sharl@yopmail.com,Ebonee.Sharl@gmail.com,doctor
808,Catharine,Berriman,Catharine.Berriman@yopmail.com,Catharine.Berriman@gmail.com,worker
809,Tersina,Kronfeld,Tersina.Kronfeld@yopmail.com,Tersina.Kronfeld@gmail.com,firefighter
810,Pamella,Lipson,Pamella.Lipson@yopmail.com,Pamella.Lipson@gmail.com,developer
811,Lesly,Cadmar,Lesly.Cadmar@yopmail.com,Lesly.Cadmar@gmail.com,police officer
812,Mahalia,Kenwood,Mahalia.Kenwood@yopmail.com,Mahalia.Kenwood@gmail.com,firefighter
813,Shaine,Baudin,Shaine.Baudin@yopmail.com,Shaine.Baudin@gmail.com,police officer
814,Lyssa,Harriman,Lyssa.Harriman@yopmail.com,Lyssa.Harriman@gmail.com,doctor
815,Robinia,Teryn,Robinia.Teryn@yopmail.com,Robinia.Teryn@gmail.com,developer
816,Paola,Tayib,Paola.Tayib@yopmail.com,Paola.Tayib@gmail.com,developer
817,Damaris,Tiffa,Damaris.Tiffa@yopmail.com,Damaris.Tiffa@gmail.com,doctor
818,Aeriela,Grayce,Aeriela.Grayce@yopmail.com,Aeriela.Grayce@gmail.com,firefighter
819,Ellette,Fry,Ellette.Fry@yopmail.com,Ellette.Fry@gmail.com,developer
820,Stacey,Loeb,Stacey.Loeb@yopmail.com,Stacey.Loeb@gmail.com,firefighter
821,Max,Montgomery,Max.Montgomery@yopmail.com,Max.Montgomery@gmail.com,developer
822,Deloria,Berne,Deloria.Berne@yopmail.com,Deloria.Berne@gmail.com,police officer
823,Tonia,Pip,Tonia.Pip@yopmail.com,Tonia.Pip@gmail.com,police officer
824,Suzette,Voletta,Suzette.Voletta@yopmail.com,Suzette.Voletta@gmail.com,firefighter
825,Kathy,Bahr,Kathy.Bahr@yopmail.com,Kathy.Bahr@gmail.com,firefighter
826,Janeczka,Chobot,Janeczka.Chobot@yopmail.com,Janeczka.Chobot@gmail.com,firefighter
827,Winny,Marijo,Winny.Marijo@yopmail.com,Winny.Marijo@gmail.com,developer
828,Elbertina,Bollay,Elbertina.Bollay@yopmail.com,Elbertina.Bollay@gmail.com,police officer
829,Caressa,Caitlin,Caressa.Caitlin@yopmail.com,Caressa.Caitlin@gmail.com,police officer
830,Karly,Japeth,Karly.Japeth@yopmail.com,Karly.Japeth@gmail.com,police officer
831,Harrietta,Carolin,Harrietta.Carolin@yopmail.com,Harrietta.Carolin@gmail.com,police officer
832,Audrie,Stover,Audrie.Stover@yopmail.com,Audrie.Stover@gmail.com,developer
833,Alameda,Ummersen,Alameda.Ummersen@yopmail.com,Alameda.Ummersen@gmail.com,doctor
834,Lorenza,Pyle,Lorenza.Pyle@yopmail.com,Lorenza.Pyle@gmail.com,firefighter
835,Konstance,Darrell,Konstance.Darrell@yopmail.com,Konstance.Darrell@gmail.com,doctor
836,Paola,Seumas,Paola.Seumas@yopmail.com,Paola.Seumas@gmail.com,firefighter
837,Sabina,Thilda,Sabina.Thilda@yopmail.com,Sabina.Thilda@gmail.com,doctor
838,Gusella,Ariella,Gusella.Ariella@yopmail.com,Gusella.Ariella@gmail.com,firefighter
839,Joelly,Judye,Joelly.Judye@yopmail.com,Joelly.Judye@gmail.com,doctor
840,Aeriela,Suanne,Aeriela.Suanne@yopmail.com,Aeriela.Suanne@gmail.com,firefighter
841,Lila,Moina,Lila.Moina@yopmail.com,Lila.Moina@gmail.com,worker
842,Chrystel,Maxi,Chrystel.Maxi@yopmail.com,Chrystel.Maxi@gmail.com,developer
843,Jillayne,Means,Jillayne.Means@yopmail.com,Jillayne.Means@gmail.com,developer
844,Letizia,Merriott,Letizia.Merriott@yopmail.com,Letizia.Merriott@gmail.com,doctor
845,Audrie,Bashemeth,Audrie.Bashemeth@yopmail.com,Audrie.Bashemeth@gmail.com,worker
846,Ricky,Henebry,Ricky.Henebry@yopmail.com,Ricky.Henebry@gmail.com,police officer
847,Zsa Zsa,Yate,Zsa Zsa.Yate@yopmail.com,Zsa Zsa.Yate@gmail.com,doctor
848,Karolina,Guildroy,Karolina.Guildroy@yopmail.com,Karolina.Guildroy@gmail.com,worker
849,Sarette,Hilbert,Sarette.Hilbert@yopmail.com,Sarette.Hilbert@gmail.com,firefighter
850,Kathi,Larochelle,Kathi.Larochelle@yopmail.com,Kathi.Larochelle@gmail.com,police officer
851,Reeba,Deny,Reeba.Deny@yopmail.com,Reeba.Deny@gmail.com,worker
852,Zia,Muriel,Zia.Muriel@yopmail.com,Zia.Muriel@gmail.com,firefighter
853,Dagmar,Sibyls,Dagmar.Sibyls@yopmail.com,Dagmar.Sibyls@gmail.com,firefighter
854,Bertine,Schroth,Bertine.Schroth@yopmail.com,Bertine.Schroth@gmail.com,doctor
855,Lynea,Cullin,Lynea.Cullin@yopmail.com,Lynea.Cullin@gmail.com,doctor
856,Dominga,Goerke,Dominga.Goerke@yopmail.com,Dominga.Goerke@gmail.com,worker
857,Jenda,Dorcy,Jenda.Dorcy@yopmail.com,Jenda.Dorcy@gmail.com,police officer
858,Andeee,Olympium,Andeee.Olympium@yopmail.com,Andeee.Olympium@gmail.com,developer
859,Lory,Stuart,Lory.Stuart@yopmail.com,Lory.Stuart@gmail.com,police officer
860,Elyssa,Tound,Elyssa.Tound@yopmail.com,Elyssa.Tound@gmail.com,doctor
861,Gale,Kat,Gale.Kat@yopmail.com,Gale.Kat@gmail.com,firefighter
862,Jaclyn,Beniamino,Jaclyn.Beniamino@yopmail.com,Jaclyn.Beniamino@gmail.com,developer
863,Layla,Sprage,Layla.Sprage@yopmail.com,Layla.Sprage@gmail.com,police officer
864,Lenna,Shelba,Lenna.Shelba@yopmail.com,Lenna.Shelba@gmail.com,doctor
865,Natka,Chabot,Natka.Chabot@yopmail.com,Natka.Chabot@gmail.com,firefighter
866,Sophia,Durware,Sophia.Durware@yopmail.com,Sophia.Durware@gmail.com,police officer
867,Christian,Baptlsta,Christian.Baptlsta@yopmail.com,Christian.Baptlsta@gmail.com,firefighter
868,Melodie,Brenn,Melodie.Brenn@yopmail.com,Melodie.Brenn@gmail.com,police officer
869,Lila,Boehike,Lila.Boehike@yopmail.com,Lila.Boehike@gmail.com,firefighter
870,Petronia,Skurnik,Petronia.Skurnik@yopmail.com,Petronia.Skurnik@gmail.com,firefighter
871,Shirlee,Zachary,Shirlee.Zachary@yopmail.com,Shirlee.Zachary@gmail.com,police officer
872,Antonietta,Rosalba,Antonietta.Rosalba@yopmail.com,Antonietta.Rosalba@gmail.com,worker
873,Joane,Jess,Joane.Jess@yopmail.com,Joane.Jess@gmail.com,doctor
874,Ofilia,Clywd,Ofilia.Clywd@yopmail.com,Ofilia.Clywd@gmail.com,developer
875,Carolina,Brotherson,Carolina.Brotherson@yopmail.com,Carolina.Brotherson@gmail.com,firefighter
876,Dawn,Gabrielli,Dawn.Gabrielli@yopmail.com,Dawn.Gabrielli@gmail.com,developer
877,Andeee,Eliathas,Andeee.Eliathas@yopmail.com,Andeee.Eliathas@gmail.com,doctor
878,Fanchon,Aldric,Fanchon.Aldric@yopmail.com,Fanchon.Aldric@gmail.com,firefighter
879,Collen,Marlie,Collen.Marlie@yopmail.com,Collen.Marlie@gmail.com,worker
880,Ulrike,Paine,Ulrike.Paine@yopmail.com,Ulrike.Paine@gmail.com,worker
881,Janeczka,Frodi,Janeczka.Frodi@yopmail.com,Janeczka.Frodi@gmail.com,worker
882,Rani,Niccolo,Rani.Niccolo@yopmail.com,Rani.Niccolo@gmail.com,firefighter
883,Gwenneth,Bettine,Gwenneth.Bettine@yopmail.com,Gwenneth.Bettine@gmail.com,doctor
884,Karolina,Tremayne,Karolina.Tremayne@yopmail.com,Karolina.Tremayne@gmail.com,firefighter
885,Brana,Vins,Brana.Vins@yopmail.com,Brana.Vins@gmail.com,firefighter
886,Sophia,Truc,Sophia.Truc@yopmail.com,Sophia.Truc@gmail.com,worker
887,Jillayne,Gladstone,Jillayne.Gladstone@yopmail.com,Jillayne.Gladstone@gmail.com,doctor
888,Katharina,Pierette,Katharina.Pierette@yopmail.com,Katharina.Pierette@gmail.com,firefighter
889,Shannah,Anyah,Shannah.Anyah@yopmail.com,Shannah.Anyah@gmail.com,worker
890,Melanie,Garek,Melanie.Garek@yopmail.com,Melanie.Garek@gmail.com,worker
891,Charissa,Buttaro,Charissa.Buttaro@yopmail.com,Charissa.Buttaro@gmail.com,police officer
892,Evita,Tayib,Evita.Tayib@yopmail.com,Evita.Tayib@gmail.com,worker
893,Vere,Sothena,Vere.Sothena@yopmail.com,Vere.Sothena@gmail.com,police officer
894,Sashenka,Libna,Sashenka.Libna@yopmail.com,Sashenka.Libna@gmail.com,developer
895,Susan,Oscar,Susan.Oscar@yopmail.com,Susan.Oscar@gmail.com,police officer
896,Gabriellia,Tamar,Gabriellia.Tamar@yopmail.com,Gabriellia.Tamar@gmail.com,worker
897,Tera,Kimmie,Tera.Kimmie@yopmail.com,Tera.Kimmie@gmail.com,firefighter
898,Quintina,Infield,Quintina.Infield@yopmail.com,Quintina.Infield@gmail.com,worker
899,Cherilyn,Naashom,Cherilyn.Naashom@yopmail.com,Cherilyn.Naashom@gmail.com,doctor
900,Monika,Kamaria,Monika.Kamaria@yopmail.com,Monika.Kamaria@gmail.com,developer
901,Rosanne,Zuzana,Rosanne.Zuzana@yopmail.com,Rosanne.Zuzana@gmail.com,worker
902,Annora,Kellby,Annora.Kellby@yopmail.com,Annora.Kellby@gmail.com,doctor
903,Angela,Connelly,Angela.Connelly@yopmail.com,Angela.Connelly@gmail.com,worker
904,Brandise,Brian,Brandise.Brian@yopmail.com,Brandise.Brian@gmail.com,firefighter
905,Rivalee,Keily,Rivalee.Keily@yopmail.com,Rivalee.Keily@gmail.com,developer
906,Consuela,Niccolo,Consuela.Niccolo@yopmail.com,Consuela.Niccolo@gmail.com,police officer
907,Eve,Eno,Eve.Eno@yopmail.com,Eve.Eno@gmail.com,developer
908,Linet,Bettine,Linet.Bettine@yopmail.com,Linet.Bettine@gmail.com,doctor
909,Livvyy,Ochs,Livvyy.Ochs@yopmail.com,Livvyy.Ochs@gmail.com,doctor
910,Merrie,Stuart,Merrie.Stuart@yopmail.com,Merrie.Stuart@gmail.com,worker
911,Siana,Septima,Siana.Septima@yopmail.com,Siana.Septima@gmail.com,developer
912,Lexine,Nisbet,Lexine.Nisbet@yopmail.com,Lexine.Nisbet@gmail.com,worker
913,Barbi,Destinee,Barbi.Destinee@yopmail.com,Barbi.Destinee@gmail.com,worker
914,Chere,Abbot,Chere.Abbot@yopmail.com,Chere.Abbot@gmail.com,developer
915,Catharine,Erlandson,Catharine.Erlandson@yopmail.com,Catharine.Erlandson@gmail.com,police officer
916,Loree,Muriel,Loree.Muriel@yopmail.com,Loree.Muriel@gmail.com,firefighter
917,Tiffie,Ries,Tiffie.Ries@yopmail.com,Tiffie.Ries@gmail.com,developer
918,Belinda,Lilas,Belinda.Lilas@yopmail.com,Belinda.Lilas@gmail.com,police officer
919,Codie,Chem,Codie.Chem@yopmail.com,Codie.Chem@gmail.com,doctor
920,Lilith,Linehan,Lilith.Linehan@yopmail.com,Lilith.Linehan@gmail.com,police officer
921,Lory,Erskine,Lory.Erskine@yopmail.com,Lory.Erskine@gmail.com,worker
922,Alia,Smitt,Alia.Smitt@yopmail.com,Alia.Smitt@gmail.com,police officer
923,Marita,Fennessy,Marita.Fennessy@yopmail.com,Marita.Fennessy@gmail.com,firefighter
924,Katharina,Wolfgram,Katharina.Wolfgram@yopmail.com,Katharina.Wolfgram@gmail.com,doctor
925,Halette,Leifeste,Halette.Leifeste@yopmail.com,Halette.Leifeste@gmail.com,police officer
926,Millie,Kermit,Millie.Kermit@yopmail.com,Millie.Kermit@gmail.com,police officer
927,Eugine,Bluh,Eugine.Bluh@yopmail.com,Eugine.Bluh@gmail.com,developer
928,Evita,Natalia,Evita.Natalia@yopmail.com,Evita.Natalia@gmail.com,doctor
929,Alia,Calhoun,Alia.Calhoun@yopmail.com,Alia.Calhoun@gmail.com,police officer
930,Ardeen,Bari,Ardeen.Bari@yopmail.com,Ardeen.Bari@gmail.com,worker
931,Vinita,Kat,Vinita.Kat@yopmail.com,Vinita.Kat@gmail.com,police officer
932,Estell,Abernon,Estell.Abernon@yopmail.com,Estell.Abernon@gmail.com,doctor
933,Annabela,Lorenz,Annabela.Lorenz@yopmail.com,Annabela.Lorenz@gmail.com,developer
934,Drucie,Zeeba,Drucie.Zeeba@yopmail.com,Drucie.Zeeba@gmail.com,firefighter
935,Marita,Alarise,Marita.Alarise@yopmail.com,Marita.Alarise@gmail.com,developer
936,Marcelline,Delp,Marcelline.Delp@yopmail.com,Marcelline.Delp@gmail.com,firefighter
937,Di,Monk,Di.Monk@yopmail.com,Di.Monk@gmail.com,police officer
938,Shaylyn,Alarise,Shaylyn.Alarise@yopmail.com,Shaylyn.Alarise@gmail.com,worker
939,Ketti,Malanie,Ketti.Malanie@yopmail.com,Ketti.Malanie@gmail.com,doctor
940,Pollyanna,Linskey,Pollyanna.Linskey@yopmail.com,Pollyanna.Linskey@gmail.com,developer
941,Cindelyn,Voletta,Cindelyn.Voletta@yopmail.com,Cindelyn.Voletta@gmail.com,worker
942,Ada,Vilma,Ada.Vilma@yopmail.com,Ada.Vilma@gmail.com,developer
943,Aimil,Bach,Aimil.Bach@yopmail.com,Aimil.Bach@gmail.com,police officer
944,Zaria,Lauraine,Zaria.Lauraine@yopmail.com,Zaria.Lauraine@gmail.com,police officer
945,Josephine,Bates,Josephine.Bates@yopmail.com,Josephine.Bates@gmail.com,developer
946,Brietta,Grimbly,Brietta.Grimbly@yopmail.com,Brietta.Grimbly@gmail.com,doctor
947,Gilligan,Etom,Gilligan.Etom@yopmail.com,Gilligan.Etom@gmail.com,firefighter
948,Yetty,Palocz,Yetty.Palocz@yopmail.com,Yetty.Palocz@gmail.com,police officer
949,Beatriz,Ulphia,Beatriz.Ulphia@yopmail.com,Beatriz.Ulphia@gmail.com,doctor
950,Steffane,Melleta,Steffane.Melleta@yopmail.com,Steffane.Melleta@gmail.com,developer
951,Frances,Beniamino,Frances.Beniamino@yopmail.com,Frances.Beniamino@gmail.com,police officer
952,Zaria,Aprile,Zaria.Aprile@yopmail.com,Zaria.Aprile@gmail.com,firefighter
953,Nicoli,Nea,Nicoli.Nea@yopmail.com,Nicoli.Nea@gmail.com,worker
954,Emylee,Iaverne,Emylee.Iaverne@yopmail.com,Emylee.Iaverne@gmail.com,police officer
955,Edyth,Mata,Edyth.Mata@yopmail.com,Edyth.Mata@gmail.com,doctor
956,Mary,Masao,Mary.Masao@yopmail.com,Mary.Masao@gmail.com,firefighter
957,Lita,Obed,Lita.Obed@yopmail.com,Lita.Obed@gmail.com,firefighter
958,Emmey,Love,Emmey.Love@yopmail.com,Emmey.Love@gmail.com,developer
959,Alia,Wenoa,Alia.Wenoa@yopmail.com,Alia.Wenoa@gmail.com,firefighter
960,Jolyn,Selway,Jolyn.Selway@yopmail.com,Jolyn.Selway@gmail.com,doctor
961,Corry,Buckler,Corry.Buckler@yopmail.com,Corry.Buckler@gmail.com,doctor
962,Amara,Avi,Amara.Avi@yopmail.com,Amara.Avi@gmail.com,worker
963,Tiffie,Ethban,Tiffie.Ethban@yopmail.com,Tiffie.Ethban@gmail.com,doctor
964,Asia,Bultman,Asia.Bultman@yopmail.com,Asia.Bultman@gmail.com,police officer
965,Karlee,Emmaline,Karlee.Emmaline@yopmail.com,Karlee.Emmaline@gmail.com,developer
966,Juliane,Koziara,Juliane.Koziara@yopmail.com,Juliane.Koziara@gmail.com,firefighter
967,Averyl,Ariella,Averyl.Ariella@yopmail.com,Averyl.Ariella@gmail.com,developer
968,Rochette,Colp,Rochette.Colp@yopmail.com,Rochette.Colp@gmail.com,developer
969,Gretal,Chobot,Gretal.Chobot@yopmail.com,Gretal.Chobot@gmail.com,police officer
970,Valera,Tomasina,Valera.Tomasina@yopmail.com,Valera.Tomasina@gmail.com,firefighter
971,Jennica,Corilla,Jennica.Corilla@yopmail.com,Jennica.Corilla@gmail.com,doctor
972,Oralee,Pascia,Oralee.Pascia@yopmail.com,Oralee.Pascia@gmail.com,developer
973,Jolyn,Klemperer,Jolyn.Klemperer@yopmail.com,Jolyn.Klemperer@gmail.com,developer
974,Dominga,Cleavland,Dominga.Cleavland@yopmail.com,Dominga.Cleavland@gmail.com,doctor
975,Riannon,Annabella,Riannon.Annabella@yopmail.com,Riannon.Annabella@gmail.com,developer
976,Sherrie,Rudolph,Sherrie.Rudolph@yopmail.com,Sherrie.Rudolph@gmail.com,firefighter
977,Aimil,Stav,Aimil.Stav@yopmail.com,Aimil.Stav@gmail.com,doctor
978,Karlee,Thema,Karlee.Thema@yopmail.com,Karlee.Thema@gmail.com,developer
979,Drucie,Fink,Drucie.Fink@yopmail.com,Drucie.Fink@gmail.com,firefighter
980,Darci,Prouty,Darci.Prouty@yopmail.com,Darci.Prouty@gmail.com,developer
981,Letizia,Fiester,Letizia.Fiester@yopmail.com,Letizia.Fiester@gmail.com,developer
982,Shell,Silvan,Shell.Silvan@yopmail.com,Shell.Silvan@gmail.com,firefighter
983,Phedra,Shirberg,Phedra.Shirberg@yopmail.com,Phedra.Shirberg@gmail.com,developer
984,Kristina,Isidore,Kristina.Isidore@yopmail.com,Kristina.Isidore@gmail.com,police officer
985,Lorenza,Baylor,Lorenza.Baylor@yopmail.com,Lorenza.Baylor@gmail.com,police officer
986,Kirstin,Bonilla,Kirstin.Bonilla@yopmail.com,Kirstin.Bonilla@gmail.com,worker
987,Damaris,Mauer,Damaris.Mauer@yopmail.com,Damaris.Mauer@gmail.com,doctor
988,Clary,Hamil,Clary.Hamil@yopmail.com,Clary.Hamil@gmail.com,firefighter
989,Vonny,Parsaye,Vonny.Parsaye@yopmail.com,Vonny.Parsaye@gmail.com,doctor
990,Maurene,Tufts,Maurene.Tufts@yopmail.com,Maurene.Tufts@gmail.com,doctor
991,Morganica,Miru,Morganica.Miru@yopmail.com,Morganica.Miru@gmail.com,firefighter
992,Elise,Roumell,Elise.Roumell@yopmail.com,Elise.Roumell@gmail.com,worker
993,Dacia,Rad,Dacia.Rad@yopmail.com,Dacia.Rad@gmail.com,worker
994,Madalyn,Beniamino,Madalyn.Beniamino@yopmail.com,Madalyn.Beniamino@gmail.com,developer
995,Deloria,Newell,Deloria.Newell@yopmail.com,Deloria.Newell@gmail.com,firefighter
996,Merry,Lenny,Merry.Lenny@yopmail.com,Merry.Lenny@gmail.com,police officer
997,Carlie,Taima,Carlie.Taima@yopmail.com,Carlie.Taima@gmail.com,developer
998,Wendi,Raimondo,Wendi.Raimondo@yopmail.com,Wendi.Raimondo@gmail.com,firefighter
999,Mahalia,Zetta,Mahalia.Zetta@yopmail.com,Mahalia.Zetta@gmail.com,firefighter
1000,Barbi,Carri,Barbi.Carri@yopmail.com,Barbi.Carri@gmail.com,firefighter
1001,Codie,Yam,Codie.Yam@yopmail.com,Codie.Yam@gmail.com,developer
1002,Nanete,Annabella,Nanete.Annabella@yopmail.com,Nanete.Annabella@gmail.com,doctor
1003,Jenilee,Primalia,Jenilee.Primalia@yopmail.com,Jenilee.Primalia@gmail.com,doctor
1004,Zaria,Ball,Zaria.Ball@yopmail.com,Zaria.Ball@gmail.com,worker
1005,Selma,Hathaway,Selma.Hathaway@yopmail.com,Selma.Hathaway@gmail.com,worker
1006,Orsola,Ortrude,Orsola.Ortrude@yopmail.com,Orsola.Ortrude@gmail.com,developer
1007,Dotty,Haerr,Dotty.Haerr@yopmail.com,Dotty.Haerr@gmail.com,doctor
1008,Mariann,Anestassia,Mariann.Anestassia@yopmail.com,Mariann.Anestassia@gmail.com,police officer
1009,Ethel,Israeli,Ethel.Israeli@yopmail.com,Ethel.Israeli@gmail.com,doctor
1010,Noelle,Schlosser,Noelle.Schlosser@yopmail.com,Noelle.Schlosser@gmail.com,police officer
1011,Regina,Boycey,Regina.Boycey@yopmail.com,Regina.Boycey@gmail.com,doctor
1012,Carly,Darbie,Carly.Darbie@yopmail.com,Carly.Darbie@gmail.com,police officer
1013,Camile,Mendez,Camile.Mendez@yopmail.com,Camile.Mendez@gmail.com,developer
1014,Ernesta,Hunfredo,Ernesta.Hunfredo@yopmail.com,Ernesta.Hunfredo@gmail.com,worker
1015,Loree,Izaak,Loree.Izaak@yopmail.com,Loree.Izaak@gmail.com,worker
1016,Stacey,Alice,Stacey.Alice@yopmail.com,Stacey.Alice@gmail.com,doctor
1017,Chastity,Oster,Chastity.Oster@yopmail.com,Chastity.Oster@gmail.com,worker
1018,Almeta,Anyah,Almeta.Anyah@yopmail.com,Almeta.Anyah@gmail.com,developer
1019,Ada,Nea,Ada.Nea@yopmail.com,Ada.Nea@gmail.com,developer
1020,Janenna,Anton,Janenna.Anton@yopmail.com,Janenna.Anton@gmail.com,police officer
1021,Dode,Burkle,Dode.Burkle@yopmail.com,Dode.Burkle@gmail.com,firefighter
1022,Gilda,Burkle,Gilda.Burkle@yopmail.com,Gilda.Burkle@gmail.com,doctor
1023,Priscilla,Wenda,Priscilla.Wenda@yopmail.com,Priscilla.Wenda@gmail.com,police officer
1024,Leeanne,Modie,Leeanne.Modie@yopmail.com,Leeanne.Modie@gmail.com,worker
1025,Hildegaard,Katrine,Hildegaard.Katrine@yopmail.com,Hildegaard.Katrine@gmail.com,worker
1026,Blake,Gordon,Blake.Gordon@yopmail.com,Blake.Gordon@gmail.com,firefighter
1027,Roxane,Verger,Roxane.Verger@yopmail.com,Roxane.Verger@gmail.com,worker
1028,Jinny,Brieta,Jinny.Brieta@yopmail.com,Jinny.Brieta@gmail.com,doctor
1029,Emelina,Levey,Emelina.Levey@yopmail.com,Emelina.Levey@gmail.com,doctor
1030,Cassondra,Bergman,Cassondra.Bergman@yopmail.com,Cassondra.Bergman@gmail.com,police officer
1031,Agnese,Erminia,Agnese.Erminia@yopmail.com,Agnese.Erminia@gmail.com,worker
1032,Tani,Georgy,Tani.Georgy@yopmail.com,Tani.Georgy@gmail.com,doctor
1033,Gabi,Raama,Gabi.Raama@yopmail.com,Gabi.Raama@gmail.com,developer
1034,Sandie,Middleton,Sandie.Middleton@yopmail.com,Sandie.Middleton@gmail.com,worker
1035,Andree,Kress,Andree.Kress@yopmail.com,Andree.Kress@gmail.com,firefighter
1036,Carmencita,Candy,Carmencita.Candy@yopmail.com,Carmencita.Candy@gmail.com,doctor
1037,Kassey,Maples,Kassey.Maples@yopmail.com,Kassey.Maples@gmail.com,developer
1038,Clo,Mullane,Clo.Mullane@yopmail.com,Clo.Mullane@gmail.com,worker
1039,Hettie,Fry,Hettie.Fry@yopmail.com,Hettie.Fry@gmail.com,developer
1040,Sybille,Barrus,Sybille.Barrus@yopmail.com,Sybille.Barrus@gmail.com,developer
1041,Kaja,Louanna,Kaja.Louanna@yopmail.com,Kaja.Louanna@gmail.com,developer
1042,Rori,Nickola,Rori.Nickola@yopmail.com,Rori.Nickola@gmail.com,doctor
1043,Monika,Donoghue,Monika.Donoghue@yopmail.com,Monika.Donoghue@gmail.com,worker
1044,Mathilda,Bari,Mathilda.Bari@yopmail.com,Mathilda.Bari@gmail.com,worker
1045,Ardys,Kauppi,Ardys.Kauppi@yopmail.com,Ardys.Kauppi@gmail.com,developer
1046,Cassondra,Kannry,Cassondra.Kannry@yopmail.com,Cassondra.Kannry@gmail.com,doctor
1047,Eolanda,Read,Eolanda.Read@yopmail.com,Eolanda.Read@gmail.com,police officer
1048,Di,Virgin,Di.Virgin@yopmail.com,Di.Virgin@gmail.com,police officer
1049,Carilyn,Croix,Carilyn.Croix@yopmail.com,Carilyn.Croix@gmail.com,developer
1050,Alex,Jillane,Alex.Jillane@yopmail.com,Alex.Jillane@gmail.com,firefighter
1051,Fayre,Delacourt,Fayre.Delacourt@yopmail.com,Fayre.Delacourt@gmail.com,firefighter
1052,Doro,Cosenza,Doro.Cosenza@yopmail.com,Doro.Cosenza@gmail.com,doctor
1053,Cherilyn,Duwalt,Cherilyn.Duwalt@yopmail.com,Cherilyn.Duwalt@gmail.com,worker
1054,Joceline,Berne,Joceline.Berne@yopmail.com,Joceline.Berne@gmail.com,developer
1055,Jeanna,Kiersten,Jeanna.Kiersten@yopmail.com,Jeanna.Kiersten@gmail.com,doctor
1056,June,Tamar,June.Tamar@yopmail.com,June.Tamar@gmail.com,police officer
1057,Benita,Goode,Benita.Goode@yopmail.com,Benita.Goode@gmail.com,worker
1058,Jenda,Tiffa,Jenda.Tiffa@yopmail.com,Jenda.Tiffa@gmail.com,police officer
1059,Jsandye,Lipson,Jsandye.Lipson@yopmail.com,Jsandye.Lipson@gmail.com,firefighter
1060,Elbertina,Adrienne,Elbertina.Adrienne@yopmail.com,Elbertina.Adrienne@gmail.com,police officer
1061,Millie,Sothena,Millie.Sothena@yopmail.com,Millie.Sothena@gmail.com,firefighter
1062,Corina,Anestassia,Corina.Anestassia@yopmail.com,Corina.Anestassia@gmail.com,firefighter
1063,Teriann,Tound,Teriann.Tound@yopmail.com,Teriann.Tound@gmail.com,firefighter
1064,Miquela,Fredi,Miquela.Fredi@yopmail.com,Miquela.Fredi@gmail.com,firefighter
1065,Ruthe,Artie,Ruthe.Artie@yopmail.com,Ruthe.Artie@gmail.com,doctor
1066,Nita,Bakerman,Nita.Bakerman@yopmail.com,Nita.Bakerman@gmail.com,firefighter
1067,Clementine,Jess,Clementine.Jess@yopmail.com,Clementine.Jess@gmail.com,police officer
1068,Genovera,Ludewig,Genovera.Ludewig@yopmail.com,Genovera.Ludewig@gmail.com,developer
1069,Genovera,Waldron,Genovera.Waldron@yopmail.com,Genovera.Waldron@gmail.com,firefighter
1070,Linzy,Delacourt,Linzy.Delacourt@yopmail.com,Linzy.Delacourt@gmail.com,worker
1071,Annora,Wesle,Annora.Wesle@yopmail.com,Annora.Wesle@gmail.com,firefighter
1072,Marjie,Himelman,Marjie.Himelman@yopmail.com,Marjie.Himelman@gmail.com,developer
1073,Ezmeralda,Presber,Ezmeralda.Presber@yopmail.com,Ezmeralda.Presber@gmail.com,developer
1074,Brena,Brian,Brena.Brian@yopmail.com,Brena.Brian@gmail.com,police officer
1075,Beth,Decato,Beth.Decato@yopmail.com,Beth.Decato@gmail.com,firefighter
1076,Melina,Horan,Melina.Horan@yopmail.com,Melina.Horan@gmail.com,doctor
1077,Maridel,Carleen,Maridel.Carleen@yopmail.com,Maridel.Carleen@gmail.com,worker
1078,Lynea,Lorenz,Lynea.Lorenz@yopmail.com,Lynea.Lorenz@gmail.com,developer
1079,Viki,Persse,Viki.Persse@yopmail.com,Viki.Persse@gmail.com,firefighter
1080,Ruthe,Joli,Ruthe.Joli@yopmail.com,Ruthe.Joli@gmail.com,developer
1081,Minda,Zrike,Minda.Zrike@yopmail.com,Minda.Zrike@gmail.com,police officer
1082,Correy,Tice,Correy.Tice@yopmail.com,Correy.Tice@gmail.com,worker
1083,Cherrita,Rugen,Cherrita.Rugen@yopmail.com,Cherrita.Rugen@gmail.com,firefighter
1084,Gui,Israeli,Gui.Israeli@yopmail.com,Gui.Israeli@gmail.com,doctor
1085,Kimmy,Halla,Kimmy.Halla@yopmail.com,Kimmy.Halla@gmail.com,firefighter
1086,Elvira,Toffic,Elvira.Toffic@yopmail.com,Elvira.Toffic@gmail.com,doctor
1087,Stephanie,Elephus,Stephanie.Elephus@yopmail.com,Stephanie.Elephus@gmail.com,doctor
1088,Hermione,Obed,Hermione.Obed@yopmail.com,Hermione.Obed@gmail.com,worker
1089,Almeta,Stacy,Almeta.Stacy@yopmail.com,Almeta.Stacy@gmail.com,worker
1090,Nariko,Goode,Nariko.Goode@yopmail.com,Nariko.Goode@gmail.com,developer
1091,Kate,Faro,Kate.Faro@yopmail.com,Kate.Faro@gmail.com,firefighter
1092,Danika,Gahl,Danika.Gahl@yopmail.com,Danika.Gahl@gmail.com,worker
1093,Fayre,Quent,Fayre.Quent@yopmail.com,Fayre.Quent@gmail.com,firefighter
1094,Jeanna,Lunsford,Jeanna.Lunsford@yopmail.com,Jeanna.Lunsford@gmail.com,doctor
1095,Ada,Hurley,Ada.Hurley@yopmail.com,Ada.Hurley@gmail.com,doctor
1096,Marcy,Celestine,Marcy.Celestine@yopmail.com,Marcy.Celestine@gmail.com,developer
1097,Robbi,Eiser,Robbi.Eiser@yopmail.com,Robbi.Eiser@gmail.com,developer
1098,Phedra,Tannie,Phedra.Tannie@yopmail.com,Phedra.Tannie@gmail.com,police officer
1099,Jacquetta,Jefferey,Jacquetta.Jefferey@yopmail.com,Jacquetta.Jefferey@gmail.com,doctor